A1,A2,A3,A4,A5,A6,A7,A8,A9,A10,A11,A12,A13,A14,A15
1,-0.8249580068042324,1.49315887557099,2,4,4,-0.11170004199268914,0,0,-0.6638211189161308,1,2,-0.5406735638346686,1.97083489515075,0
0,-0.7725718159444286,0.5177682128121084,2,8,4,-0.8025016650718839,0,0,-0.6638211189161308,0,2,-0.1256037384609243,-0.6542432045357714,0
0,-0.15903185180672977,-0.6303934417807454,1,4,4,-0.27467084743742876,0,0,-0.6638211189161308,1,2,0.7045359122865643,-0.6542432045357714,0
0,-0.8613619699440955,1.5019067738916974,1,5,3,-0.8827708677536213,1,1,2.1121581056422345,1,2,-1.2324566061242423,-0.6542432045357714,1
1,-0.994547200943596,0.7736442386928014,2,6,4,0.07072996410216863,1,1,2.1121581056422345,0,2,-0.8173867807504981,-0.23476169783491646,1
0,-1.3798964693021512,-0.8851759803713501,2,8,8,-0.15305084337419023,1,1,0.0764400076327666,0,2,-0.5406735638346686,-0.6542432045357714,1
1,-1.2387201244426804,0.40841948380326515,2,3,4,-0.8219608657220021,0,0,-0.6638211189161308,0,2,-0.8173867807504981,-0.38874858004155943,0
0,2.423873728043584,-0.037723330552815196,2,11,8,0.5961283816553591,1,1,1.5569622607305613,0,2,-0.9349898979397256,0.832526692631816,1
1,-0.31441462130614706,-0.7944165352940102,1,2,8,0.5766691810052409,0,0,-0.6638211189161308,0,2,-0.014918451694592487,0.7714629289981472,0
0,2.164606478364556,0.5352640094535233,2,4,8,2.1893504348837833,1,1,0.4465705709072153,1,2,-0.5406735638346686,-0.5214958922886654,0
1,0.18902555187196507,-0.6303934417807454,2,14,8,1.306389205384672,1,1,0.8167011341816639,1,2,0.5177544908683793,1.6210457273796255,1
1,0.892243571549328,0.08037329677673548,2,11,8,1.549629213511149,1,1,1.5569622607305613,1,2,2.0189236926367546,-0.6542432045357714,1
1,-0.9501521239437626,-0.7397421707895886,1,8,8,-0.2138608454058095,1,1,0.4465705709072153,1,2,-0.2639603469188391,-0.0967044930979262,0
1,0.31510757055149236,0.08037329677673548,2,14,8,2.1893504348837833,1,1,1.5569622607305613,1,2,-1.2324566061242423,1.97083489515075,1
1,2.4158826141836136,-0.42044388208376643,2,8,4,0.2920783714972628,0,0,-0.6638211189161308,1,2,0.9812491292023938,-0.6542432045357714,0
1,1.48358599718711,0.30781865311512935,2,4,4,-0.8633116671035032,0,0,-0.6638211189161308,0,2,-1.2324566061242423,1.97083489515075,1
1,-0.15903185180672977,-0.02897543223210773,2,9,4,2.1893504348837833,1,1,0.0764400076327666,1,2,1.0504274334313513,-0.6542432045357714,1
0,-1.10553489344318,0.9551631288474812,2,6,4,-0.5179108555639058,1,1,0.0764400076327666,0,2,-0.6236875289094175,0.9148300262250217,1
1,-1.0096415271235397,-0.7397421707895886,1,4,4,-0.8219608657220021,0,0,-0.6638211189161308,0,2,-0.2639603469188391,-0.643623419556003,0
0,-0.7947693544443453,0.22580710635849696,2,11,4,0.37477997426026494,1,1,1.92709282400501,0,2,-0.3400564815706922,1.97083489515075,1
0,-0.28422596894625995,-0.8851759803713501,2,6,4,-0.8633116671035032,0,0,-0.6638211189161308,0,2,0.5661793038286496,1.97083489515075,0
0,-1.083337354943263,-0.8851759803713501,1,6,4,-0.5981800582456432,1,0,-0.6638211189161308,1,2,-0.1256037384609243,-0.6542432045357714,0
1,0.8700460330494112,-0.7211528868580853,2,2,4,-0.8025016650718839,0,0,-0.6638211189161308,0,2,-0.07026109507775839,-0.6542432045357714,0
1,0.9064499961892744,-0.6303934417807454,2,4,4,-0.780610064340501,1,0,-0.6638211189161308,0,2,-0.1256037384609243,-0.6542432045357714,0
1,-1.054036604123373,1.083101141787828,2,6,4,-0.49845165491378757,0,0,-0.6638211189161308,0,2,-0.6790301722925833,0.27498798119397067,0
1,0.1224329363722148,-0.6850678062851671,2,13,8,1.792869221637626,1,1,0.4465705709072153,1,2,-1.2324566061242423,-0.6542432045357714,1
1,-0.7876661421243721,-0.9857768110594859,1,4,4,-0.8219608657220021,0,0,-0.6638211189161308,0,2,0.15110947845490524,-0.46839696738982306,0
1,0.1597248010520751,-0.3482737209379299,1,8,8,0.109648365402405,1,1,-0.2936905556416821,1,2,0.012752869996990466,1.97083489515075,1
0,-0.06225058394709243,1.6112555029005404,2,8,4,0.09018916475228682,1,1,-0.2936905556416821,0,2,0.28946608691282,-0.6037992258818712,1
1,-0.7361678528045654,-0.4663703482674806,2,8,4,-0.3549400501191662,1,1,2.1121581056422345,1,2,-0.8173867807504981,1.97083489515075,1
1,-0.3881104491258705,-0.8490908997984319,2,8,8,1.1847692013214335,1,1,0.4465705709072153,1,2,0.925906485819228,-0.2560012677944534,1
0,-0.9723496624436794,1.2832093158740108,1,14,8,-0.8827708677536213,0,0,-0.6638211189161308,1,2,-0.16711072099829874,-0.5692849246976236,0
1,1.8609441516856948,-0.7124049885373778,1,8,8,2.1893504348837833,1,0,-0.6638211189161308,1,2,0.15110947845490524,-0.38874858004155943,0
1,-0.7361678528045654,1.5019067738916974,2,9,8,0.15099916678390607,1,1,2.1121581056422345,1,2,0.7737142165155216,0.09976152902779072,1
1,1.017437688688858,-0.7397421707895886,2,7,4,2.1893504348837833,0,1,-0.2936905556416821,1,2,1.2026197027350574,-0.356889225102254,0
1,2.565383035980552,2.5994946413179605,1,1,1,-0.8633116671035032,0,1,0.0764400076327666,0,2,-1.2324566061242423,0.2776429274389128,0
1,-0.5656907571252046,1.7206042319093837,2,6,4,0.5766691810052409,1,0,-0.6638211189161308,1,1,-1.0940999976663277,-0.6542432045357714,1
1,0.7288696881899404,2.0300611350044098,2,9,4,2.1893504348837833,1,1,1.5569622607305613,1,2,-0.7482084765215408,-0.6542432045357714,1
0,1.45428524636722,0.7364656708297947,2,8,4,2.1893504348837833,1,1,1.5569622607305613,1,2,-1.2324566061242423,1.97083489515075,1
0,1.42498449554733,-0.35702161925863735,2,14,4,2.1893504348837833,1,1,0.0764400076327666,1,2,2.3578973833586456,1.97083489515075,1
1,-0.728176738944595,-1.0131139933116966,2,13,4,-0.8414200663721202,1,0,-0.6638211189161308,0,2,-1.2324566061242423,-0.6542432045357714,1
1,-0.7805629298043989,-0.6850678062851671,1,6,4,-0.6200716589770261,0,0,-0.6638211189161308,1,2,-0.4023169553767538,-0.4763618061246494,0
1,-0.4103079876257873,-0.7670793530417994,2,14,8,-0.27467084743742876,1,0,-0.6638211189161308,0,2,-1.2324566061242423,1.97083489515075,1
1,2.565383035980552,-0.895017365982146,2,8,4,-0.5981800582456432,1,1,0.4465705709072153,1,2,0.012752869996990466,-0.6542432045357714,0
1,-0.6766784496247883,-0.9223545482343568,1,8,4,-0.8633116671035032,0,1,0.0764400076327666,0,2,-0.3469743119935879,-0.6383135270661188,0
0,-0.9430489116237893,1.2285349513695891,2,11,4,-0.5373700562140239,1,1,0.0764400076327666,1,2,-0.8934829154023513,-0.6542432045357714,1
0,-0.610085834125038,-0.6303934417807454,1,8,4,-0.8025016650718839,0,0,-0.6638211189161308,0,2,-0.319302990302005,-0.6542432045357714,0
1,-1.349707816942264,-1.0043660949909892,2,8,4,-0.8633116671035032,0,0,-0.6638211189161308,0,2,-1.2324566061242423,-0.6542432045357714,1
0,-0.16613506412670298,-0.5757190772763238,1,10,8,0.09018916475228682,0,0,-0.6638211189161308,0,2,0.5385079821370665,-0.6091091183717554,0
0,1.9053392286855284,2.2673478769536,2,8,4,1.792869221637626,1,1,2.1121581056422345,0,2,-1.2324566061242423,1.97083489515075,1
1,0.0851410716923545,-0.24767289024979416,2,4,4,-0.6395308596271443,0,0,-0.6638211189161308,1,2,0.37248005198756884,-0.6542432045357714,0
1,-0.9137481608038994,-0.11098697898874015,1,3,8,-0.8633116671035032,0,0,-0.6638211189161308,0,2,-0.2639603469188391,-0.38874858004155943,0
1,-0.28422596894625995,-0.9857768110594859,1,4,4,-0.8414200663721202,0,0,-0.6638211189161308,0,2,0.26179476522123707,1.97083489515075,0
1,-1.0984316811232067,-0.6303934417807454,1,8,4,0.2531599701970264,0,0,-0.6638211189161308,1,2,-0.45765959875991974,-0.6383135270661188,0
1,-0.3366121598060638,-0.30234725475421576,1,11,8,1.59098001489265,0,1,0.0764400076327666,1,2,1.320222819924285,-0.6515882582908293,0
1,-0.31441462130614706,-0.6850678062851671,2,9,4,0.09018916475228682,1,1,2.1121581056422345,1,2,1.769881797412508,-0.5613200859627973,1
1,0.7661615528698007,0.40841948380326515,2,6,5,0.819909189131718,1,1,-0.2936905556416821,0,2,-1.2324566061242423,0.6732299179352887,1
0,0.5290918416906896,-0.4663703482674806,2,3,8,-0.780610064340501,0,0,-0.6638211189161308,0,2,0.5661793038286496,-0.001126428280009856,0
1,0.9881369378689682,0.06178401284523215,1,9,4,0.6569383836869783,1,0,-0.6638211189161308,1,2,-0.8727294241336641,1.97083489515075,1
1,2.253396632364223,1.665929867404962,2,7,4,-0.27467084743742876,1,1,0.8167011341816639,1,2,0.15110947845490524,-0.6542432045357714,1
1,1.0476263410487452,0.08037329677673548,2,3,5,0.21180916881552533,0,0,-0.6638211189161308,1,2,-0.25704251649594334,-0.6542432045357714,0
0,-0.6766784496247883,-0.8578387981191393,2,9,4,-0.7611508636903828,0,1,-0.2936905556416821,1,2,0.42782269537073475,-0.643623419556003,0
1,-1.1428267581230402,-0.5757190772763238,2,3,4,-0.15305084337419023,1,1,0.0764400076327666,0,2,-0.4023169553767538,0.14224066894686466,1
0,0.8398573806895241,-0.24767289024979416,2,3,5,-0.6395308596271443,0,0,-0.6638211189161308,0,1,2.641528430697371,-0.6542432045357714,0
0,-0.610085834125038,-0.9037652643028534,2,11,8,-0.15305084337419023,1,0,-0.6638211189161308,0,2,0.7045359122865643,1.5334325012965355,1
1,0.9437418608691347,1.1279341206814533,2,14,8,2.1893504348837833,1,1,2.1121581056422345,0,2,-1.2324566061242423,-0.6542432045357714,1
0,-1.054036604123373,-0.9770289127387783,2,11,4,-0.8633116671035032,0,0,-0.6638211189161308,1,2,1.396318954576138,-0.6542432045357714,0
1,-0.8764562961240391,1.5019067738916974,2,3,4,-0.6395308596271443,1,0,-0.6638211189161308,1,2,-0.5406735638346686,-0.4737068598797073,0
1,-0.010752294627285714,-0.39310669983155566,2,1,1,-0.8827708677536213,0,1,1.1868316974561126,0,2,-0.014918451694592487,-0.2666210527742219,0
1,-0.36591291062595377,-0.6664785223536637,2,13,8,0.009919962070549375,1,1,2.1121581056422345,1,2,2.641528430697371,1.2387334681079605,1
1,1.543075400366887,2.5994946413179605,1,1,1,-0.8827708677536213,1,0,-0.6638211189161308,1,2,-1.2324566061242423,-0.6542432045357714,0
0,-0.08444812244700918,-0.7124049885373778,2,9,8,-0.8633116671035032,0,1,0.4465705709072153,0,2,-1.2324566061242423,-0.5666299784526815,0
1,-0.1732382764466762,-0.7397421707895886,2,9,4,-0.031430839310951704,0,0,-0.6638211189161308,0,2,0.15110947845490524,-0.6542432045357714,0
1,-0.27712275662628677,0.08912119509744294,1,8,5,-0.15305084337419023,1,1,2.1121581056422345,1,2,-0.23628902522725612,-0.6356585808211767,1
1,0.7883590913697174,2.5994946413179605,2,10,9,2.1893504348837833,1,1,2.1121581056422345,0,2,-1.2324566061242423,1.97083489515075,1
1,0.4553960138709661,-0.08364979673652934,2,11,4,0.819909189131718,0,0,-0.6638211189161308,0,2,1.9082384058704227,-0.5214958922886654,0
1,-0.5141924678053978,-0.9398503448757717,2,4,8,0.819909189131718,0,0,-0.6638211189161308,1,2,1.1196057376603086,-0.6542432045357714,0
1,-0.13683431330681303,-0.24767289024979416,2,8,4,-0.8025016650718839,0,0,-0.6638211189161308,0,2,0.26179476522123707,-0.6542432045357714,0
1,-0.7361678528045654,-1.0131139933116966,2,4,4,-0.39629085150066723,0,1,2.1121581056422345,0,1,-1.2324566061242423,-0.6542432045357714,0
0,0.0709346470524081,-0.6938157046058745,2,9,4,-0.3549400501191662,1,1,2.1121581056422345,0,2,-0.4023169553767538,1.97083489515075,1
1,-0.550596430945261,-0.24767289024979416,2,13,4,-0.578720857595525,1,1,1.92709282400501,0,2,-1.2324566061242423,1.97083489515075,1
0,0.33730510905140915,-0.19299852574537255,2,1,1,-0.8827708677536213,0,1,1.5569622607305613,0,2,-1.2324566061242423,-0.1232539555473474,0
0,-1.135723545803067,1.1738605868651677,2,2,4,-0.6808816610086453,0,0,-0.6638211189161308,0,2,-0.6790301722925833,-0.5427354622482025,0
1,0.7590583405498275,0.08037329677673548,2,3,5,-0.780610064340501,0,0,-0.6638211189161308,0,2,2.5723501264684137,-0.6542432045357714,0
1,-0.7059792004446783,-0.7944165352940102,2,8,4,-0.6395308596271443,0,0,-0.6638211189161308,1,1,0.7045359122865643,-0.6542432045357714,0
1,0.5512893801906064,-1.0131139933116966,2,8,4,-0.8827708677536213,0,0,-0.6638211189161308,0,3,0.04042419168857342,-0.6542432045357714,1
0,-0.5878882956251213,1.9753867704999881,2,11,8,-0.15305084337419023,0,0,-0.6638211189161308,0,2,0.7045359122865643,-0.6515882582908293,0
0,1.3876926308674697,1.8299529609182268,2,3,5,1.6298984161928864,1,1,2.1121581056422345,1,2,-1.2324566061242423,-0.6542432045357714,1
1,0.24851495505174212,0.13504766128115708,2,9,4,-0.8414200663721202,0,0,-0.6638211189161308,1,2,0.7737142165155216,-0.6383135270661188,1
1,-0.8169668929442621,-0.8851759803713501,1,1,1,-0.8827708677536213,0,0,-0.6638211189161308,0,2,-0.5406735638346686,-0.6542432045357714,0
1,-0.32151783362612024,-0.7309942724688812,2,4,8,-0.7611508636903828,0,0,-0.6638211189161308,1,1,-0.2639603469188391,-0.6542432045357714,0
1,1.0103344763688848,-0.11973487730944761,2,6,4,-0.8633116671035032,0,0,-0.6638211189161308,0,2,-0.48533092045150267,-0.38874858004155943,0
1,-0.23983089194642646,2.1579991479447567,2,2,4,-0.8219608657220021,0,0,-0.6638211189161308,0,2,-1.2324566061242423,0.10507142151767496,0
1,0.4331984753710494,0.08037329677673548,2,8,5,0.33342917287876384,1,1,1.5569622607305613,0,2,-1.2324566061242423,0.3201220673579867,1
0,-1.1721275089429302,1.1738605868651677,1,11,8,-0.8025016650718839,0,0,-0.6638211189161308,0,2,1.1196057376603086,-0.6542432045357714,0
1,-0.8986538346239559,-0.6850678062851671,2,9,4,-0.15305084337419023,0,0,-0.6638211189161308,0,2,-0.19478204268988167,-0.6330036345762345,1
0,0.6702681865501604,-0.6489827257122488,2,6,4,-0.7611508636903828,0,0,-0.6638211189161308,0,2,-1.2324566061242423,0.3811858309916555,0
1,0.040745994692521006,-1.0043660949909892,1,7,4,-0.8633116671035032,0,0,-0.6638211189161308,0,2,-1.2324566061242423,-0.6542432045357714,0
0,-1.2467112383026506,1.0645118578563244,2,6,4,-0.031430839310951704,0,1,2.1121581056422345,1,2,-1.2324566061242423,-0.6276937420863503,0
0,-0.9723496624436794,-0.8305016158669285,2,11,4,-0.11170004199268914,1,1,-0.2936905556416821,0,2,-1.2324566061242423,-0.6542432045357714,1
0,0.6844746111901069,-0.13832416124095095,2,8,4,0.5766691810052409,0,0,-0.6638211189161308,0,2,2.0881019968657117,-0.6542432045357714,0
1,0.6480706480502437,-0.9671875271279825,2,4,4,-0.8414200663721202,1,0,-0.6638211189161308,1,2,0.7045359122865643,-0.6542432045357714,1
1,-0.3286210459460935,1.9939760544314917,2,9,4,1.9144892257008645,1,0,-0.6638211189161308,1,2,2.136526809825982,0.6732299179352887,1
1,-0.32151783362612024,-0.8851759803713501,1,13,4,-0.7611508636903828,1,1,0.0764400076327666,0,2,0.5661793038286496,0.6732299179352887,1
1,-1.0984316811232067,-1.0131139933116966,1,1,1,-0.8827708677536213,0,1,0.8167011341816639,0,2,-0.9211542370939342,-0.6515882582908293,0
0,-0.5656907571252046,-0.8217537175462211,2,14,8,-0.3768316508505491,1,0,-0.6638211189161308,1,2,-0.1256037384609243,1.97083489515075,1
1,-0.3286210459460935,-0.5757190772763238,2,14,8,-0.39629085150066723,1,1,0.8167011341816639,0,2,-0.2639603469188391,1.97083489515075,1
1,-0.8098636806242888,0.9551631288474812,2,6,4,-0.8414200663721202,0,0,-0.6638211189161308,0,2,-1.2324566061242423,-0.6542432045357714,0
0,1.6389687666865274,1.9578909738585737,2,4,8,2.1893504348837833,1,0,-0.6638211189161308,1,2,-1.2324566061242423,-0.6542432045357714,1
1,0.0851410716923545,-0.4663703482674806,2,8,4,-0.27467084743742876,0,0,-0.6638211189161308,1,2,0.7045359122865643,-0.6542432045357714,0
1,0.6107787833703834,1.2011977691173785,1,4,4,-0.8219608657220021,0,0,-0.6638211189161308,0,2,-0.1256037384609243,-0.6542432045357714,0
1,1.4169933816873597,0.40841948380326515,2,8,4,-0.39629085150066723,0,0,-0.6638211189161308,1,2,-1.2324566061242423,-0.04891546068896802,0
1,-0.31441462130614706,-0.13832416124095095,1,3,8,1.9144892257008645,1,1,0.0764400076327666,1,2,-0.713619324407062,-0.6542432045357714,0
0,0.38880339837121586,-0.8130058192255135,2,6,4,-0.5179108555639058,1,1,0.8167011341816639,0,2,-1.2324566061242423,1.97083489515075,1
1,0.19612876419193828,-0.9584396288072751,2,3,5,1.063149197258195,0,0,-0.6638211189161308,1,1,1.6730321714919676,-0.6542432045357714,0
1,0.24052384119177178,-0.9956181966702817,1,7,5,-0.8633116671035032,1,1,-0.2936905556416821,1,2,0.7045359122865643,1.97083489515075,1
0,-0.9430489116237893,1.2471242353010927,2,13,8,-0.7198000623088817,1,1,-0.2936905556416821,1,2,-0.6790301722925833,-0.5214958922886654,1
1,0.1597248010520751,-0.7944165352940102,2,14,4,-0.5179108555639058,1,1,1.92709282400501,1,2,1.1196057376603086,1.97083489515075,1
1,-0.7654686036244553,1.392558044882854,2,11,4,0.33342917287876384,1,1,1.92709282400501,1,2,-0.5406735638346686,1.4936083076224038,1
1,1.543075400366887,0.8458143998386379,2,8,8,2.1893504348837833,1,1,2.1121581056422345,0,2,0.019670700419886205,1.97083489515075,1
1,0.8176598421896074,0.08037329677673548,2,8,4,1.549629213511149,1,1,1.92709282400501,0,2,-1.2324566061242423,1.97083489515075,1
1,-0.9501521239437626,-0.8305016158669285,1,8,4,0.09018916475228682,0,0,-0.6638211189161308,1,1,0.42782269537073475,-0.6542432045357714,0
0,0.6551738603702169,-0.6850678062851671,2,1,1,-0.8827708677536213,0,0,-0.6638211189161308,0,2,-0.7067014939841663,-0.6542432045357714,0
0,2.282697383184113,2.5994946413179605,2,8,4,1.792869221637626,1,1,1.92709282400501,0,2,-1.2324566061242423,1.97083489515075,1
0,-0.010752294627285714,-0.19299852574537255,2,13,8,-0.578720857595525,1,1,2.1121581056422345,1,2,0.019670700419886205,-0.6542432045357714,1
1,-0.8320612191242056,-0.8403430014777243,2,9,4,-0.7416916630402646,0,1,-0.2936905556416821,0,2,1.6730321714919676,0.0971065827828486,0
0,2.3936850756836967,1.1738605868651677,2,11,4,1.063149197258195,1,1,2.1121581056422345,0,2,-1.2324566061242423,1.97083489515075,1
1,-0.21763335344650972,-0.9311024465550642,2,8,4,-0.7416916630402646,0,0,-0.6638211189161308,0,2,0.28946608691282,-0.2825507302438746,0
0,1.2989024768678028,-0.13832416124095095,2,5,3,-0.8827708677536213,1,0,-0.6638211189161308,0,2,-0.5406735638346686,1.894505190608664,1
1,-0.9208513731238727,-0.35702161925863735,1,2,4,-0.3549400501191662,1,1,2.1121581056422345,1,2,-0.1256037384609243,-0.6515882582908293,1
0,-0.5878882956251213,1.7206042319093837,2,6,4,-0.15305084337419023,1,1,2.1121581056422345,1,2,-0.4023169553767538,0.8511113163464108,1
0,-0.9359456993038162,-0.9037652643028534,1,10,2,-0.39629085150066723,0,0,-0.6638211189161308,0,2,0.5661793038286496,-0.6542432045357714,0
1,-0.6029826218050649,1.93930168992707,1,1,1,-0.8827708677536213,0,0,-0.6638211189161308,0,2,0.04042419168857342,-0.6542432045357714,0
0,-0.43250552612570403,-0.42044388208376643,1,8,4,-0.8414200663721202,0,0,-0.6638211189161308,0,1,-0.6790301722925833,-0.6542432045357714,0
1,0.8478484945494945,-0.8305016158669285,2,1,1,-0.8827708677536213,1,0,-0.6638211189161308,0,2,-0.33313865114779645,-0.6515882582908293,0
0,0.6178819956903566,-0.04756471616361107,2,8,4,-0.8219608657220021,0,0,-0.6638211189161308,0,2,-0.1256037384609243,-0.6542432045357714,0
1,-1.0469333918033998,-0.8851759803713501,2,1,1,-0.8827708677536213,0,1,0.4465705709072153,0,2,1.188784041889266,1.387410457824719,0
1,0.6995689373700504,1.0645118578563244,2,7,4,2.1893504348837833,1,1,2.1121581056422345,0,2,0.42782269537073475,1.97083489515075,1
1,-0.4990981416254543,-0.9037652643028534,2,8,4,-0.1725100440243084,1,1,1.1868316974561126,1,2,0.925906485819228,-0.6542432045357714,1
0,1.306005689187776,-0.35702161925863735,2,8,4,0.2726191708471446,1,1,2.1121581056422345,1,2,1.50700424134247,1.97083489515075,1
1,-1.0389422779434296,1.1738605868651677,1,4,8,-0.4765600541824047,1,0,-0.6638211189161308,1,2,-0.2639603469188391,-0.6542432045357714,0
0,-0.8098636806242888,-0.7397421707895886,1,1,1,0.6982891850684794,0,0,-0.6638211189161308,0,2,0.7045359122865643,-0.6542432045357714,0
1,-1.11352600730315,-0.2389249919290867,1,1,1,-0.8827708677536213,0,0,-0.6638211189161308,1,2,0.012752869996990466,-0.6515882582908293,0
1,2.565383035980552,2.5994946413179605,2,14,8,2.1893504348837833,1,1,2.1121581056422345,1,2,-1.2324566061242423,1.97083489515075,1
0,-1.3204070661223741,-0.7397421707895886,2,11,4,-0.7611508636903828,0,1,-0.2936905556416821,0,2,-0.48533092045150267,-0.39405847253144366,0
0,2.565383035980552,2.2673478769536,2,10,9,-0.8827708677536213,1,1,2.1121581056422345,0,2,-1.2324566061242423,1.97083489515075,1
1,2.565383035980552,2.5994946413179605,2,10,9,2.1893504348837833,1,1,-0.2936905556416821,1,2,-1.2324566061242423,-0.36485406383708036,1
0,-1.371905355442181,-0.38435880151084817,2,11,4,-0.8414200663721202,0,0,-0.6638211189161308,0,2,-0.4023169553767538,-0.6542432045357714,0
1,0.30711645669152204,-0.13832416124095095,2,2,5,2.1893504348837833,1,0,-0.6638211189161308,1,2,0.04042419168857342,-0.6542432045357714,0
0,1.42498449554733,0.7364656708297947,2,10,5,2.1893504348837833,1,1,1.5569622607305613,0,2,1.3617298024616593,1.97083489515075,1
1,-0.728176738944595,-1.0131139933116966,2,8,4,-0.8827708677536213,0,0,-0.6638211189161308,0,3,0.04042419168857342,-0.6542432045357714,1
1,1.2252066490480793,-0.6850678062851671,2,8,4,0.33342917287876384,1,0,-0.6638211189161308,1,2,-0.2639603469188391,-0.6542432045357714,0
1,-1.4384979709419314,0.5177682128121084,2,10,4,-0.39629085150066723,0,0,-0.6638211189161308,0,2,2.641528430697371,-0.6542432045357714,0
1,-1.11352600730315,-0.9223545482343568,1,8,4,-0.8025016650718839,0,1,-0.2936905556416821,0,2,0.15110947845490524,-0.6515882582908293,0
1,1.8760384778656383,0.40841948380326515,2,4,4,2.17718843447746,1,1,2.1121581056422345,0,2,-1.2324566061242423,1.97083489515075,1
1,-1.083337354943263,-1.0131139933116966,1,7,5,-0.8827708677536213,0,0,-0.6638211189161308,1,1,2.226458605323627,-0.6515882582908293,1
1,-1.1872218351228736,-0.9770289127387783,2,11,7,-0.780610064340501,0,0,-0.6638211189161308,0,2,0.15110947845490524,-0.5480453547380867,1
1,0.5441861678706331,-0.8305016158669285,2,10,4,-0.8633116671035032,0,0,-0.6638211189161308,0,2,-0.4023169553767538,-0.6409684733110609,0
1,-0.7725718159444286,-0.6664785223536637,1,9,4,0.6180199823867419,1,1,1.5569622607305613,0,2,-0.6790301722925833,-0.6542432045357714,1
1,1.4613884586871932,-0.10223908066803268,2,14,5,-0.8414200663721202,0,0,-0.6638211189161308,1,2,2.3648152137815415,-0.6542432045357714,0
1,0.24052384119177178,-0.4663703482674806,2,8,4,-0.39629085150066723,0,0,-0.6638211189161308,0,2,1.949745388407797,-0.6117640646166975,0
0,0.15173368719210478,-0.6577306240329562,2,2,4,-0.6200716589770261,0,0,-0.6638211189161308,1,2,-1.2324566061242423,-0.6542432045357714,0
1,1.039635227188775,-0.9311024465550642,1,8,4,-0.7003408616587635,1,1,2.1121581056422345,1,2,0.8428925207444791,-0.22414191285514798,1
1,0.27781570587163207,-0.1295762629202435,1,3,5,2.1893504348837833,1,1,1.92709282400501,1,2,0.11652032634042654,-0.6542432045357714,1
1,1.0103344763688848,-0.35702161925863735,2,3,5,-0.39629085150066723,1,0,-0.6638211189161308,0,2,-1.2324566061242423,-0.1232539555473474,0
1,-1.165024296622957,-0.9770289127387783,2,2,4,-0.7611508636903828,0,0,-0.6638211189161308,1,1,0.7045359122865643,-0.6542432045357714,0
1,-0.7361678528045654,-0.4663703482674806,2,1,1,-0.8414200663721202,0,0,-0.6638211189161308,1,2,-0.5406735638346686,1.97083489515075,0
0,-0.7876661421243721,0.8370665015179307,1,14,4,0.31396997222864564,0,0,-0.6638211189161308,0,2,-0.09793241676934135,-0.6542432045357714,1
1,-1.1943250474428468,-0.9682810144180709,2,6,4,-0.8633116671035032,0,0,-0.6638211189161308,0,2,0.7045359122865643,1.336966479170819,0
1,-1.1499299704430133,1.2646200319425074,1,6,4,-0.8219608657220021,1,0,-0.6638211189161308,0,2,-0.4023169553767538,0.34136163731752367,0
0,-0.3286210459460935,-0.6850678062851671,2,7,4,0.09018916475228682,1,0,-0.6638211189161308,0,1,1.3133049895013893,-0.6542432045357714,0
0,-1.10553489344318,1.0098374933519028,1,8,4,-0.39629085150066723,1,1,0.8167011341816639,1,2,-0.6790301722925833,0.6732299179352887,1
1,-0.7725718159444286,-0.8490908997984319,2,3,4,-0.11170004199268914,0,1,-0.2936905556416821,1,2,1.534675563034053,-0.6303486883312924,0
1,2.565383035980552,1.7752785964138054,1,8,8,1.549629213511149,1,0,-0.6638211189161308,0,2,-0.45765959875991974,-0.6542432045357714,0
0,-0.6988759881247051,0.9551631288474812,2,11,4,2.1893504348837833,1,1,1.1868316974561126,1,2,-0.4023169553767538,-0.6542432045357714,1
1,0.34440832137138233,-0.3209365386857191,2,14,8,0.9415291931949564,1,0,-0.6638211189161308,1,2,2.641528430697371,-0.6542432045357714,0
0,2.260499844684196,-0.08364979673652934,1,1,1,1.549629213511149,0,0,-0.6638211189161308,1,2,-1.2324566061242423,-0.643623419556003,0
0,1.9497343056853618,-0.9770289127387783,2,1,1,-0.8827708677536213,0,0,-0.6638211189161308,1,1,-0.8035511199047066,-0.5825596559223343,0
1,0.8700460330494112,-0.1295762629202435,2,13,8,2.1893504348837833,1,1,2.1121581056422345,0,2,0.9812491292023938,-0.6542432045357714,1
1,0.9588361870490782,0.08912119509744294,2,11,8,2.1893504348837833,1,0,-0.6638211189161308,1,2,-0.5960162072178345,-0.6542432045357714,1
1,0.8700460330494112,-0.7397421707895886,1,9,4,-0.7611508636903828,0,0,-0.6638211189161308,0,2,-1.2324566061242423,-0.136528686772058,0
0,0.21122309037188183,-0.8490908997984319,2,4,5,-0.39629085150066723,1,1,0.4465705709072153,1,2,0.23412344352965409,-0.6542432045357714,0
1,-0.5062013539454275,1.7206042319093837,2,13,4,-0.2941300480875469,1,1,2.1121581056422345,1,2,-0.2639603469188391,0.03073292665929559,1
1,-0.6251801603049816,0.4357566660554759,1,2,4,1.792869221637626,1,0,-0.6638211189161308,1,1,-0.5406735638346686,-0.6542432045357714,1
1,-0.7139703143046486,1.529243956143908,1,9,4,-0.4765600541824047,1,0,-0.6638211189161308,1,2,-0.1256037384609243,0.14224066894686466,1
1,-0.06225058394709243,-0.4663703482674806,2,13,8,0.21180916881552533,0,0,-0.6638211189161308,1,1,1.1196057376603086,-0.6542432045357714,0
1,0.5148854170507432,-0.13832416124095095,2,8,5,1.549629213511149,1,0,-0.6638211189161308,1,1,0.7045359122865643,-0.6542432045357714,0
1,-0.45470306462562077,-0.6763199079644595,2,9,4,-0.8219608657220021,0,0,-0.6638211189161308,0,2,-0.5406735638346686,-0.6542432045357714,0
0,-0.14393752562678624,-0.8676801837299352,2,9,4,-0.7611508636903828,0,0,-0.6638211189161308,1,2,0.8428925207444791,-0.6542432045357714,0
0,-0.7432710651245386,-0.611804157849242,2,5,3,-0.8827708677536213,0,1,-0.2936905556416821,0,2,0.15110947845490524,-0.5135310535538391,0
1,-1.2538144506226239,-0.35702161925863735,2,4,4,-0.8633116671035032,0,0,-0.6638211189161308,1,2,-0.1256037384609243,-0.5480453547380867,0
1,-0.18833260262661974,2.2214214107698855,2,6,4,1.569088414161267,1,1,1.1868316974561126,1,2,-0.07026109507775839,-0.6542432045357714,1
0,-0.2478220058063968,-0.2389249919290867,2,3,5,-0.6395308596271443,1,0,-0.6638211189161308,1,2,-0.049507603809071175,-0.6542432045357714,0
1,0.2849189181916053,-1.0131139933116966,2,8,4,-0.8827708677536213,0,0,-0.6638211189161308,0,3,0.04042419168857342,-0.6542432045357714,0
1,-0.7059792004446783,-0.8851759803713501,2,8,8,-0.8414200663721202,1,0,-0.6638211189161308,0,2,0.012752869996990466,-0.6542432045357714,0
1,-0.5656907571252046,1.4472324093872757,2,8,4,0.33342917287876384,1,1,2.1121581056422345,0,2,0.15110947845490524,1.97083489515075,1
0,-1.1206292196231233,0.6271169418209516,2,11,4,0.4355899762918842,1,1,1.1868316974561126,0,2,0.04042419168857342,1.97083489515075,1
1,-1.2689087768025675,-0.9584396288072751,2,11,4,-0.7198000623088817,0,1,0.8167011341816639,0,2,-0.1256037384609243,-0.6330036345762345,0
0,-1.3576989308022345,-0.9398503448757717,2,1,1,-0.8827708677536213,0,1,-0.2936905556416821,0,2,-0.1256037384609243,-0.3197199776730643,0
1,0.13752726255215836,-0.4663703482674806,2,6,4,-0.031430839310951704,0,1,0.0764400076327666,1,2,2.641528430697371,-0.6542432045357714,0
0,-0.9803407763036497,1.1738605868651677,2,8,8,-0.39629085150066723,1,1,0.8167011341816639,0,2,-0.8865650849794555,1.97083489515075,1
0,-0.8542587576241224,-0.6303934417807454,1,5,3,-0.8827708677536213,0,0,-0.6638211189161308,0,2,-0.1256037384609243,-0.6542432045357714,0
1,0.1597248010520751,-0.7856686369733028,2,12,8,2.1893504348837833,1,0,-0.6638211189161308,1,2,-0.09793241676934135,1.97083489515075,1
0,-0.5363900063053146,-0.5571297933448205,2,8,8,0.45504917694200236,1,0,-0.6638211189161308,1,2,1.2579623461182234,-0.6515882582908293,0
0,-0.5878882956251213,-0.35702161925863735,2,11,8,0.009919962070549375,1,1,2.1121581056422345,0,2,-1.2324566061242423,0.6732299179352887,1
1,-0.04804415930714601,-1.0131139933116966,2,9,4,-0.27467084743742876,1,1,-0.2936905556416821,0,2,0.1649451393006967,-0.6542432045357714,1
1,-0.9430489116237893,0.09896258070823882,1,5,4,-0.7416916630402646,0,0,-0.6638211189161308,0,2,-0.2639603469188391,-0.16573309546642132,0
0,0.7954623036896906,0.7638028530820056,1,4,4,-0.8025016650718839,0,1,0.0764400076327666,0,2,0.04042419168857342,-0.6064541721268133,0
1,-0.1732382764466762,-0.7397421707895886,2,8,8,-0.7611508636903828,0,1,0.0764400076327666,1,2,1.534675563034053,-0.36750901008202247,0
1,0.8478484945494945,-0.9037652643028534,1,7,4,-0.6395308596271443,0,0,-0.6638211189161308,1,2,-0.33313865114779645,-0.6542432045357714,0
0,-0.16613506412670298,-0.9125131626235609,2,4,4,-0.6200716589770261,1,1,0.8167011341816639,0,2,1.396318954576138,0.6732299179352887,1
1,2.0465155735449994,-0.9037652643028534,1,4,8,1.0436899966080768,1,0,-0.6638211189161308,0,2,0.012752869996990466,0.17940991637605433,1
1,0.23342062887179857,0.1897220257855787,1,8,4,-0.15305084337419023,0,0,-0.6638211189161308,1,2,-0.8173867807504981,-0.6542432045357714,0
1,-0.5656907571252046,1.6112555029005404,2,4,4,0.21180916881552533,1,1,0.0764400076327666,1,2,-0.4023169553767538,-0.6409684733110609,0
0,-0.42540231380573085,-0.45762244994677315,1,1,1,-0.8827708677536213,0,0,-0.6638211189161308,1,2,0.012752869996990466,-0.49494642983924425,0
0,0.15173368719210478,-0.0016382499798969264,2,11,8,-0.09224084134257096,1,1,0.0764400076327666,0,2,-1.2324566061242423,-0.6542432045357714,1
1,0.20411987805190862,-0.5396339967034055,2,8,4,-0.15305084337419023,0,0,-0.6638211189161308,0,3,-0.4023169553767538,-0.6542432045357714,0
1,0.42609526305107615,0.1897220257855787,2,3,5,1.549629213511149,0,0,-0.6638211189161308,0,2,0.22028778268386262,1.1697048657394653,0
1,-1.054036604123373,-0.9496917304865676,2,4,4,-0.7416916630402646,0,0,-0.6638211189161308,0,2,0.7045359122865643,0.31215722862316037,0
1,-0.6393865849449281,-0.8217537175462211,2,11,4,1.3671992074162913,1,1,0.0764400076327666,1,2,2.3648152137815415,1.97083489515075,1
0,-0.07734491012703597,0.40841948380326515,2,8,5,1.063149197258195,1,1,1.92709282400501,1,2,-1.2324566061242423,1.97083489515075,1
1,-1.0096415271235397,0.5177682128121084,2,8,4,-0.6395308596271443,0,0,-0.6638211189161308,0,2,-1.2324566061242423,-0.6542432045357714,0
1,-0.5363900063053146,-0.8862694676614385,2,8,4,-0.7416916630402646,1,1,1.92709282400501,1,2,-0.5683448855262515,1.97083489515075,1
1,-0.15903185180672977,0.025698932272313877,2,7,4,0.09018916475228682,0,1,-0.2936905556416821,1,2,1.949745388407797,-0.4737068598797073,0
1,1.0476263410487452,-0.5210447127719022,2,3,5,-0.5179108555639058,1,0,-0.6638211189161308,0,2,2.641528430697371,-0.6542432045357714,0
1,-0.23272767962645324,-0.758331454721092,2,4,4,-0.6395308596271443,1,0,-0.6638211189161308,0,1,0.7045359122865643,-0.6542432045357714,0
1,0.017660554652607758,-0.35702161925863735,1,3,5,2.1893504348837833,0,0,-0.6638211189161308,0,2,-1.2324566061242423,-0.6515882582908293,0
1,-0.9874439886236229,1.1651126885444603,2,10,2,-0.8827708677536213,1,0,-0.6638211189161308,0,2,-1.2324566061242423,-0.6542432045357714,1
1,1.2101123228681356,0.8458143998386379,2,13,8,2.1893504348837833,1,1,-0.2936905556416821,1,2,-0.6236875289094175,1.97083489515075,1
0,-0.7583653913044821,-0.5122968144511947,2,11,8,0.2312683694656435,1,1,1.92709282400501,1,2,-0.2639603469188391,1.97083489515075,1
0,-0.9501521239437626,-0.35702161925863735,2,11,4,-0.8025016650718839,1,1,0.4465705709072153,0,2,-0.5406735638346686,-0.6383135270661188,1
1,-0.31441462130614706,-0.6850678062851671,2,9,4,0.21180916881552533,0,1,-0.2936905556416821,1,2,-0.5406735638346686,-0.6462783658009451,0
1,0.8478484945494945,-0.5210447127719022,1,14,8,2.1893504348837833,1,0,-0.6638211189161308,1,2,-0.014918451694592487,-0.6542432045357714,0
1,2.2240958815443332,2.5994946413179605,1,8,4,2.1893504348837833,1,1,2.1121581056422345,0,2,-1.2324566061242423,-0.6144190108616396,1
0,2.565383035980552,-0.9770289127387783,2,1,1,-0.8827708677536213,1,1,-0.2936905556416821,0,2,0.37248005198756884,-0.38874858004155943,1
0,-0.7947693544443453,1.4472324093872757,1,14,8,-0.5179108555639058,1,1,0.8167011341816639,0,2,-1.2324566061242423,0.19799454009064918,1
0,-0.6251801603049816,-0.4663703482674806,1,3,5,1.306389205384672,0,0,-0.6638211189161308,0,2,0.15110947845490524,0.5564122831578354,0
0,2.565383035980552,0.2990707547944219,2,1,1,-0.8827708677536213,0,0,-0.6638211189161308,0,1,-1.2324566061242423,-0.6542432045357714,0
1,0.3737090721912723,-0.8490908997984319,2,4,4,-0.15305084337419023,0,0,-0.6638211189161308,1,2,0.3655622215646731,-0.6542432045357714,0
1,1.5057835356870268,1.6112555029005404,2,7,4,2.1893504348837833,1,0,-0.6638211189161308,0,1,-0.4714952596057112,-0.6542432045357714,1
0,-0.2922170828062303,2.2673478769536,1,10,9,-0.8827708677536213,1,0,-0.6638211189161308,0,2,-1.2324566061242423,1.97083489515075,1
1,0.33730510905140915,-0.4663703482674806,2,4,4,1.306389205384672,1,1,1.92709282400501,0,2,-0.19478204268988167,1.97083489515075,1
1,1.6096680158666372,0.6457062257524548,2,3,5,2.1893504348837833,1,1,2.1121581056422345,1,2,-1.2324566061242423,1.97083489515075,1
1,2.565383035980552,0.1897220257855787,2,8,4,-0.6200716589770261,1,0,-0.6638211189161308,0,2,-1.2324566061242423,0.24843851874454947,0
1,-0.18833260262661974,1.8299529609182268,2,2,8,-0.6395308596271443,0,0,-0.6638211189161308,0,2,0.3448087302959859,-0.6542432045357714,0
0,-1.2831152014425138,-0.9037652643028534,2,3,4,-0.8025016650718839,0,1,1.5569622607305613,1,2,0.42782269537073475,-0.5613200859627973,0
0,-1.3648021431222077,-0.9770289127387783,2,6,4,-0.39629085150066723,0,1,0.0764400076327666,1,2,0.9812491292023938,-0.6515882582908293,0
1,2.549067845183114,2.1579991479447567,2,1,1,2.1893504348837833,1,1,2.1121581056422345,1,2,-1.2324566061242423,1.97083489515075,1
1,-0.2993202951262035,-0.5757190772763238,2,4,8,1.1434183999399323,1,1,0.0764400076327666,1,2,0.019670700419886205,-0.6542432045357714,1
1,0.8993467838693012,-0.6763199079644595,2,3,5,0.819909189131718,0,0,-0.6638211189161308,0,2,0.26179476522123707,-0.6542432045357714,1
1,-0.6473776988048984,0.9551631288474812,2,6,4,-0.7611508636903828,0,0,-0.6638211189161308,1,2,-1.2324566061242423,-0.6542432045357714,0
1,-0.610085834125038,1.903216609354152,1,6,4,-0.8633116671035032,0,0,-0.6638211189161308,1,2,-0.4023169553767538,0.6068562618117357,0
1,0.30001324437154886,2.2673478769536,2,12,7,1.7320592196060067,1,1,2.1121581056422345,1,2,-1.2324566061242423,-0.29848040771352735,1
1,0.20411987805190862,-0.7397421707895886,2,9,4,-0.3160216488189298,0,0,-0.6638211189161308,0,2,-0.4023169553767538,-0.6542432045357714,0
0,0.8398573806895241,1.1738605868651677,2,11,8,-0.031430839310951704,1,0,-0.6638211189161308,0,2,-1.031839523860266,1.5679468024807832,1
1,-0.9723496624436794,-0.611804157849242,2,8,4,0.21180916881552533,1,1,-0.2936905556416821,0,2,-0.5406735638346686,-0.2560012677944534,1
1,0.5441861678706331,-0.7670793530417994,1,2,4,-0.15305084337419023,0,0,-0.6638211189161308,1,2,1.7491283061438208,-0.6542432045357714,1
1,1.5208778618669703,-0.08364979673652934,2,7,4,-0.8219608657220021,1,0,-0.6638211189161308,1,2,0.3240552390272987,-0.6542432045357714,1
1,-0.7432710651245386,-0.8490908997984319,2,7,4,-0.6395308596271443,0,0,-0.6638211189161308,1,1,0.9812491292023938,-0.6542432045357714,0
1,0.3222107828714656,-0.275010072502005,2,8,8,2.1893504348837833,0,0,-0.6638211189161308,1,2,-1.2324566061242423,-0.6542432045357714,0
1,-1.3355013923023178,-0.411695983763059,2,6,4,-0.5592616569454069,0,1,-0.2936905556416821,0,2,-0.6790301722925833,-0.598489333391987,0
1,-0.7725718159444286,1.2832093158740108,2,11,8,-0.23332004605592765,1,0,-0.6638211189161308,0,2,-0.5406735638346686,-0.6542432045357714,1
0,-0.8542587576241224,1.5565811383961188,2,8,4,-0.7611508636903828,0,0,-0.6638211189161308,1,2,0.012752869996990466,-0.6542432045357714,0
0,-0.5585875448052313,-0.45762244994677315,1,6,4,-0.7611508636903828,1,0,-0.6638211189161308,1,2,1.3271406503471808,-0.6542432045357714,1
1,0.44030168769102257,-0.5483818950241129,1,9,4,-0.8414200663721202,1,1,-0.2936905556416821,0,2,-0.8865650849794555,1.97083489515075,1
0,-0.2478220058063968,-0.19299852574537255,2,8,4,-0.7611508636903828,0,1,-0.2936905556416821,1,2,-0.9557433892084128,-0.24538148281468494,0
1,-0.8169668929442621,1.6385926851527512,2,8,4,0.7396399864499805,0,1,0.0764400076327666,1,2,0.012752869996990466,-0.19493750416078465,0
1,0.24851495505174212,-0.6763199079644595,2,13,4,-0.13359164272407203,1,1,-0.2936905556416821,1,2,2.3648152137815415,1.97083489515075,1
1,0.3222107828714656,-0.4663703482674806,2,3,4,-0.39629085150066723,0,0,-0.6638211189161308,1,2,0.22028778268386262,-0.6542432045357714,0
1,-0.2478220058063968,-0.22033570799758334,2,6,4,-0.7611508636903828,0,0,-0.6638211189161308,1,2,-0.5406735638346686,-0.6542432045357714,0
0,-1.083337354943263,0.17113274185407537,2,3,8,-0.7416916630402646,0,0,-0.6638211189161308,0,2,-0.6790301722925833,0.6307507780162148,0
1,-0.7210735266246219,-0.7944165352940102,2,8,4,-0.4765600541824047,1,0,-0.6638211189161308,0,1,0.8428925207444791,-0.6542432045357714,1
1,-1.3204070661223741,-0.9857768110594859,2,8,4,-0.8025016650718839,0,0,-0.6638211189161308,0,2,-0.319302990302005,-0.6542432045357714,0
0,-1.0025383148035665,-0.9857768110594859,2,11,4,-0.39629085150066723,0,1,-0.2936905556416821,0,2,0.42782269537073475,1.384755511579777,1
1,-0.8027604683043157,1.392558044882854,2,9,4,0.09018916475228682,1,1,-0.2936905556416821,0,2,-0.6790301722925833,0.08383185155813799,1
1,0.23342062887179857,0.09896258070823882,1,3,5,-0.3549400501191662,0,0,-0.6638211189161308,1,2,2.0881019968657117,-0.6542432045357714,0
0,2.282697383184113,-0.9398503448757717,2,3,5,-0.39629085150066723,1,0,-0.6638211189161308,1,2,0.5108366604454836,1.97083489515075,0
1,-1.342604604622291,-0.8305016158669285,2,7,4,-0.8414200663721202,1,0,-0.6638211189161308,0,1,0.15110947845490524,-0.6542432045357714,0
1,0.12953614869218802,-0.4663703482674806,2,13,8,0.45504917694200236,1,1,1.5569622607305613,0,2,-0.1256037384609243,1.97083489515075,1
1,1.4986803233670536,2.5994946413179605,2,9,4,-0.031430839310951704,1,1,0.4465705709072153,0,2,-0.4023169553767538,-0.6170739571065817,1
1,0.24851495505174212,-0.411695983763059,2,3,5,0.33342917287876384,0,0,-0.6638211189161308,1,2,0.37248005198756884,-0.1232539555473474,0
1,-1.1579210843029837,-0.748490069110296,1,10,2,-0.8827708677536213,0,0,-0.6638211189161308,0,2,-0.5406735638346686,-0.6542432045357714,0
1,1.1435197073683854,-0.9037652643028534,2,7,4,2.1893504348837833,1,0,-0.6638211189161308,0,1,1.534675563034053,-0.6542432045357714,0
1,0.6702681865501604,-0.6303934417807454,2,4,4,-0.6395308596271443,0,0,-0.6638211189161308,1,2,0.8428925207444791,-0.6489333120458872,0
1,0.01854845619260425,-0.8490908997984319,1,6,4,0.819909189131718,0,0,-0.6638211189161308,1,2,0.9812491292023938,-0.6542432045357714,0
1,-0.5585875448052313,-0.6391413401014528,2,14,4,-0.07278164069245278,1,1,-0.2936905556416821,1,2,1.5000864109195742,-0.6011442796369291,1
1,2.565383035980552,1.392558044882854,2,10,9,2.1893504348837833,1,1,1.92709282400501,1,2,-1.0802643368205362,-0.6542432045357714,1
1,0.8842524576893577,-1.0131139933116966,2,8,5,2.1893504348837833,1,0,-0.6638211189161308,0,2,-1.2324566061242423,-0.6542432045357714,1
1,-0.010752294627285714,-0.7670793530417994,2,1,1,-0.8827708677536213,0,1,-0.2936905556416821,0,2,-0.5683448855262515,-0.6037992258818712,0
0,0.47759355237088286,0.016951033951606412,2,1,1,-0.8827708677536213,0,0,-0.6638211189161308,0,2,-0.1256037384609243,-0.6542432045357714,0
1,0.0851410716923545,0.6271169418209516,2,10,5,-0.11170004199268914,1,0,-0.6638211189161308,1,1,1.6730321714919676,-0.6542432045357714,0
0,0.04873710855249134,-0.3296844370064266,2,1,1,0.5961283816553591,0,1,0.0764400076327666,1,2,0.15110947845490524,-0.643623419556003,0
1,-0.5807850833051481,-0.411695983763059,2,8,4,0.21180916881552533,1,1,1.5569622607305613,0,2,0.04042419168857342,0.9387245424295008,1
1,-0.8391644314441788,-0.895017365982146,1,14,4,-0.8633116671035032,1,1,-0.2936905556416821,1,2,2.641528430697371,-0.49760137608418636,1
1,0.25561816737171533,-0.35702161925863735,2,13,8,2.1893504348837833,1,0,-0.6638211189161308,1,2,-1.2324566061242423,-0.6542432045357714,1
1,1.8165490746858612,-0.35702161925863735,1,1,1,-0.15305084337419023,0,0,-0.6638211189161308,0,2,0.012752869996990466,-0.643623419556003,0
0,0.017660554652607758,-0.6850678062851671,2,1,1,-0.8827708677536213,0,1,0.0764400076327666,1,2,0.15110947845490524,-0.37547384881684887,0
1,0.6258731095503269,-0.8589322854092277,2,8,4,-0.7003408616587635,0,1,0.0764400076327666,0,2,0.3240552390272987,0.6732299179352887,0
1,0.6924657250500772,-0.6391413401014528,2,14,4,-0.8219608657220021,1,1,1.1868316974561126,1,2,2.0881019968657117,-0.6542432045357714,1
1,-1.1721275089429302,-0.4751182465881881,2,8,7,-0.4157500521507854,0,1,0.0764400076327666,1,2,-0.1256037384609243,0.9042102412452532,0
1,0.6773713988701336,0.08037329677673548,2,13,4,0.819909189131718,1,1,2.1121581056422345,1,2,-1.2324566061242423,-0.6542432045357714,1
1,-1.0096415271235397,1.40239943049365,2,8,4,0.09018916475228682,0,0,-0.6638211189161308,1,2,-0.291631668610422,-0.6542432045357714,0
1,0.1224329363722148,-0.5024554288403988,2,2,8,1.9144892257008645,0,0,-0.6638211189161308,1,2,0.7875498773613131,-0.6542432045357714,0
1,-1.135723545803067,0.23564849196929283,2,2,4,-0.6200716589770261,0,0,-0.6638211189161308,0,2,-0.4023169553767538,-0.6542432045357714,0
0,-1.3798964693021512,0.6544541240731624,2,11,4,-0.8219608657220021,0,1,-0.2936905556416821,1,2,-1.2324566061242423,-0.2294518053450322,0
1,0.7066721496900236,0.2717335725422111,2,13,8,2.1893504348837833,1,1,2.1121581056422345,1,2,1.527757732611157,-0.6542432045357714,1
0,-1.0469333918033998,-0.8676801837299352,2,9,4,-0.07278164069245278,0,0,-0.6638211189161308,0,2,0.28946608691282,-0.6409684733110609,0
1,-0.8915506223039826,1.2832093158740108,2,8,4,0.5766691810052409,1,0,-0.6638211189161308,1,2,-1.2324566061242423,-0.6542432045357714,1
0,-0.7725718159444286,-0.8490908997984319,2,8,4,0.09018916475228682,0,1,0.0764400076327666,1,2,0.15110947845490524,0.391805615971424,0
1,-0.5062013539454275,-0.30234725475421576,2,8,8,0.2312683694656435,0,1,-0.2936905556416821,1,2,1.6453608498003847,-0.598489333391987,0
1,-0.9137481608038994,1.192449870796671,1,10,8,-0.27467084743742876,0,0,-0.6638211189161308,0,2,0.5661793038286496,-0.6542432045357714,0
0,1.5652729388668039,-0.6850678062851671,2,5,3,-0.8827708677536213,1,0,-0.6638211189161308,1,2,-0.5406735638346686,-0.5825596559223343,0
1,-0.9501521239437626,0.14379555960186455,2,11,4,-0.7003408616587635,1,1,-0.2936905556416821,0,2,-0.1256037384609243,-0.6542432045357714,0
0,-1.0389422779434296,-0.9671875271279825,2,11,8,-0.7416916630402646,1,1,2.1121581056422345,0,2,-0.6790301722925833,-0.39140352628650155,1
1,-0.8471555453041492,-0.9584396288072751,2,2,8,-0.5592616569454069,1,0,-0.6638211189161308,1,2,-1.2324566061242423,-0.6542432045357714,1
1,-0.40320477530581406,-0.895017365982146,2,4,1,-0.8827708677536213,0,0,-0.6638211189161308,0,2,-0.5406735638346686,-0.6542432045357714,0
0,0.6400795341902733,0.08037329677673548,2,13,4,2.1893504348837833,1,0,-0.6638211189161308,1,2,2.641528430697371,-0.6542432045357714,0
0,1.661166305186444,1.729352130230091,2,6,4,0.2312683694656435,1,1,0.4465705709072153,1,2,-0.15327506015250725,-0.6542432045357714,1
0,-1.3869996816221244,-0.9311024465550642,2,8,4,-0.39629085150066723,0,0,-0.6638211189161308,0,2,-0.4023169553767538,-0.6064541721268133,0
0,-0.610085834125038,1.7752785964138054,2,8,5,1.4280092094479104,1,1,0.0764400076327666,0,2,-0.7274549852528536,0.52455292821853,1
1,-0.9208513731238727,0.034446830593021345,1,9,4,0.21180916881552533,1,1,-0.2936905556416821,1,2,-0.6790301722925833,0.14224066894686466,1
1,-0.8249580068042324,1.392558044882854,2,13,4,-0.5592616569454069,1,0,-0.6638211189161308,0,2,-0.5406735638346686,-0.6542432045357714,1
1,2.0607219981849454,1.0459225739248208,2,1,1,2.1893504348837833,1,1,2.1121581056422345,1,2,-1.0249216934373702,0.14224066894686466,1
1,-1.1801186228029004,0.1897220257855787,2,4,4,-0.6395308596271443,1,0,-0.6638211189161308,0,2,-0.6790301722925833,-0.6542432045357714,1
1,0.4704903400509097,-0.04756471616361107,1,4,4,-0.7611508636903828,1,1,2.1121581056422345,1,2,0.9812491292023938,-0.6542432045357714,1
1,0.6036755710504101,1.2011977691173785,2,14,4,0.33342917287876384,1,1,1.5569622607305613,0,2,2.3648152137815415,-0.13387374052711587,1
1,-0.8471555453041492,-0.6763199079644595,2,4,4,-0.8414200663721202,0,0,-0.6638211189161308,1,2,1.2302910244266403,-0.6542432045357714,0
0,1.8245401885458317,0.40841948380326515,2,3,5,0.6180199823867419,0,0,-0.6638211189161308,1,2,-0.7274549852528536,-0.6542432045357714,0
1,-0.8169668929442621,-0.5210447127719022,2,3,4,-0.8219608657220021,0,0,-0.6638211189161308,0,2,-0.1256037384609243,-0.6276937420863503,0
1,1.8689352655456652,-0.6850678062851671,2,2,4,0.9415291931949564,0,0,-0.6638211189161308,1,2,-1.2324566061242423,0.27498798119397067,0
0,2.565383035980552,0.08037329677673548,2,6,4,1.063149197258195,1,1,0.8167011341816639,0,2,-1.2324566061242423,-0.39140352628650155,1
1,-0.994547200943596,0.2170592080377895,2,9,4,-0.05089003996106988,1,0,-0.6638211189161308,0,1,-0.4023169553767538,-0.6542432045357714,1
1,-0.7210735266246219,-0.13832416124095095,2,8,5,-0.7611508636903828,1,0,-0.6638211189161308,1,2,-0.1256037384609243,-0.6542432045357714,1
1,0.42609526305107615,-0.9212610609442684,1,9,4,-0.7416916630402646,0,0,-0.6638211189161308,1,2,0.9051529945505407,-0.6489333120458872,0
0,0.9659393993690515,-0.6303934417807454,1,8,4,-0.8827708677536213,0,0,-0.6638211189161308,1,2,-0.19478204268988167,-0.6515882582908293,0
1,-0.6917727758047318,-0.8305016158669285,2,3,8,-0.8414200663721202,0,0,-0.6638211189161308,1,2,0.28946608691282,-0.6409684733110609,0
0,0.4110009368711326,-0.7944165352940102,2,8,4,0.09018916475228682,1,1,2.1121581056422345,0,2,-1.2324566061242423,0.5564122831578354,1
1,0.7288696881899404,0.08037329677673548,2,1,1,-0.8827708677536213,0,1,0.0764400076327666,0,2,-1.1148534889350148,-0.6515882582908293,0
0,-1.11352600730315,-0.04756471616361107,1,8,8,0.5766691810052409,1,0,-0.6638211189161308,0,2,0.42782269537073475,-0.6542432045357714,1
1,-0.36591291062595377,-0.8764280820506426,2,6,4,-0.6614224603585271,1,0,-0.6638211189161308,1,2,0.15110947845490524,-0.6542432045357714,0
1,0.09313218555232484,-0.35702161925863735,2,2,4,-0.8025016650718839,0,0,-0.6638211189161308,1,2,-0.4023169553767538,-0.6542432045357714,0
1,-1.0611398164433463,-0.6850678062851671,1,13,4,0.09018916475228682,1,0,-0.6638211189161308,1,2,-0.5406735638346686,-0.6011442796369291,0
0,-0.7805629298043989,1.3378836803784324,2,11,4,-0.6808816610086453,1,1,1.1868316974561126,1,2,-1.2324566061242423,0.832526692631816,1
1,0.7590583405498275,0.34499722097813607,2,11,4,-0.8633116671035032,1,1,-0.2936905556416821,0,2,0.15110947845490524,0.14224066894686466,1
1,-0.7725718159444286,-0.9770289127387783,2,8,3,0.21180916881552533,0,0,-0.6638211189161308,1,1,-1.2324566061242423,-0.6542432045357714,1
0,-0.7059792004446783,-0.8403430014777243,1,11,4,-0.15305084337419023,1,1,0.0764400076327666,1,2,-0.6790301722925833,0.4077352934410767,1
0,-0.12173998712686948,0.14379555960186455,2,10,2,0.21180916881552533,1,1,1.1868316974561126,1,2,-0.5475913942575643,0.6732299179352887,1
0,0.7954623036896906,0.635864840141659,1,11,8,2.1893504348837833,1,1,2.1121581056422345,0,2,-1.2324566061242423,1.97083489515075,1
0,0.47759355237088286,0.10771047902894629,2,10,4,1.549629213511149,1,0,-0.6638211189161308,1,2,-1.2324566061242423,1.97083489515075,1
1,-0.03294983312720247,-0.5571297933448205,2,8,4,-0.8414200663721202,0,0,-0.6638211189161308,0,2,0.8428925207444791,-0.6542432045357714,0
0,-0.550596430945261,-0.38435880151084817,2,14,8,-0.4571008535322865,1,0,-0.6638211189161308,0,2,1.2579623461182234,-0.6542432045357714,1
1,-0.3508185844460102,1.7206042319093837,2,6,5,-0.7611508636903828,0,0,-0.6638211189161308,1,2,2.641528430697371,-0.6542432045357714,0
1,0.017660554652607758,-0.13832416124095095,2,14,4,1.549629213511149,1,1,0.4465705709072153,1,2,0.7737142165155216,1.97083489515075,1
1,0.24052384119177178,0.40841948380326515,2,6,4,-0.8219608657220021,1,0,-0.6638211189161308,1,2,1.8321422712185695,-0.6542432045357714,0
1,-0.8249580068042324,-0.5024554288403988,2,4,4,-0.5179108555639058,0,0,-0.6638211189161308,0,2,0.012752869996990466,-0.6542432045357714,0
1,-0.025846620807229256,-0.338432335327134,2,8,4,0.33342917287876384,0,1,0.0764400076327666,1,2,-0.1256037384609243,-0.5453904084931446,0
1,0.017660554652607758,-0.9037652643028534,2,8,5,-0.4765600541824047,1,0,-0.6638211189161308,1,1,0.9812491292023938,-0.6542432045357714,0
1,-1.3648021431222077,-0.3296844370064266,2,9,4,-0.8414200663721202,0,1,-0.2936905556416821,0,2,-1.2324566061242423,-0.6383135270661188,0
1,-0.36591291062595377,-0.6489827257122488,2,13,8,1.59098001489265,1,1,2.1121581056422345,0,2,1.527757732611157,1.541397340031362,1
1,-0.550596430945261,-0.35702161925863735,2,8,4,-0.27467084743742876,0,1,-0.2936905556416821,0,2,-1.2324566061242423,-0.5958343871470448,0
1,2.565383035980552,0.1897220257855787,2,10,9,2.1893504348837833,1,1,-0.2936905556416821,1,2,-1.2324566061242423,-0.6542432045357714,1
0,-1.11352600730315,1.0645118578563244,2,9,4,-0.09224084134257096,1,1,1.5569622607305613,1,2,-0.9557433892084128,0.9387245424295008,1
0,-0.36591291062595377,-0.9496917304865676,2,7,8,-0.8219608657220021,0,1,-0.2936905556416821,1,2,0.6491932689033983,-0.36750901008202247,0
0,-1.0469333918033998,-0.8676801837299352,1,8,4,-0.39629085150066723,0,1,-0.2936905556416821,0,2,2.641528430697371,-0.6489333120458872,0
1,-0.05514737162711922,-0.6664785223536637,2,2,4,-0.5981800582456432,0,0,-0.6638211189161308,1,1,-1.2324566061242423,-0.6542432045357714,0
0,1.6762606313663875,-0.8305016158669285,2,6,4,-0.6395308596271443,0,0,-0.6638211189161308,1,2,0.42782269537073475,-0.3436144938775434,0
1,-0.025846620807229256,-0.6850678062851671,1,9,4,-0.8633116671035032,0,0,-0.6638211189161308,0,1,-0.1256037384609243,-0.6542432045357714,0
1,1.7943515361859446,2.2673478769536,2,8,4,2.1893504348837833,1,1,2.1121581056422345,0,2,-1.2324566061242423,-0.6542432045357714,1
0,0.4624992261909393,-0.9496917304865676,2,1,1,-0.8827708677536213,0,1,2.1121581056422345,0,2,0.15110947845490524,-0.6064541721268133,0
1,0.19612876419193828,-0.411695983763059,2,7,4,1.1847692013214335,1,1,1.5569622607305613,0,2,0.17878080014648817,-0.6542432045357714,1
0,-0.9359456993038162,-0.35702161925863735,2,6,4,-0.8633116671035032,1,0,-0.6638211189161308,0,2,-0.5406735638346686,-0.6542432045357714,1
1,0.42609526305107615,2.5994946413179605,2,9,4,-0.8414200663721202,0,0,-0.6638211189161308,0,2,0.9812491292023938,1.97083489515075,0
1,1.720655708366221,-0.8851759803713501,2,1,1,-0.8827708677536213,0,0,-0.6638211189161308,0,2,-0.22937119480436038,-0.6542432045357714,0
0,-0.6917727758047318,-0.8315951031570169,2,11,4,-0.6808816610086453,0,1,-0.2936905556416821,1,2,0.15110947845490524,-0.6250387958414082,0
1,0.33730510905140915,-0.02897543223210773,2,14,8,1.9144892257008645,0,0,-0.6638211189161308,1,1,2.641528430697371,-0.6542432045357714,1
0,2.401676189543667,2.5994946413179605,2,3,5,2.1893504348837833,1,1,2.1121581056422345,0,2,-1.2324566061242423,1.97083489515075,1
1,-0.27712275662628677,-0.8217537175462211,2,7,4,-0.4157500521507854,1,1,0.4465705709072153,1,2,1.50700424134247,-0.6542432045357714,1
1,0.017660554652607758,-0.8764280820506426,2,4,4,-0.7611508636903828,0,0,-0.6638211189161308,0,2,1.396318954576138,1.97083489515075,0
0,0.033642782372547794,-0.35702161925863735,1,5,3,-0.8827708677536213,0,0,-0.6638211189161308,0,2,-0.1256037384609243,-0.6011442796369291,0
1,-1.0611398164433463,0.40841948380326515,2,9,8,-0.1725100440243084,1,1,1.92709282400501,0,2,-0.6790301722925833,1.97083489515075,1
1,0.6844746111901069,0.2990707547944219,2,7,4,-0.25521164678731056,1,1,1.1868316974561126,1,2,-0.48533092045150267,1.97083489515075,1
1,-1.2689087768025675,-0.2935993564335083,2,3,4,-0.7198000623088817,0,0,-0.6638211189161308,1,2,-0.2639603469188391,-0.6489333120458872,0
1,1.1950179966881922,0.5177682128121084,1,8,4,-0.09224084134257096,0,0,-0.6638211189161308,0,2,-0.1256037384609243,-0.6489333120458872,0
1,-1.342604604622291,-1.0131139933116966,1,6,4,-0.7611508636903828,0,0,-0.6638211189161308,0,2,-0.8173867807504981,-0.6542432045357714,0
0,0.8700460330494112,0.40841948380326515,2,11,4,-0.6395308596271443,1,1,0.4465705709072153,1,2,-0.22937119480436038,-0.6542432045357714,1
1,-0.21763335344650972,2.2673478769536,2,8,8,1.7126000189558885,1,1,2.1121581056422345,0,2,-1.2324566061242423,1.97083489515075,1
0,-0.461806276945594,-0.5757190772763238,2,5,3,-0.8827708677536213,0,0,-0.6638211189161308,1,2,0.6768645905949814,-0.6515882582908293,0
1,0.6400795341902733,-0.2837579708227124,2,9,4,1.063149197258195,1,1,2.1121581056422345,0,2,1.4170724458448254,1.97083489515075,1
1,-0.550596430945261,0.2990707547944219,2,8,4,-0.39629085150066723,1,1,0.4465705709072153,0,2,-1.2324566061242423,-0.6542432045357714,1
0,-0.28422596894625995,-0.9311024465550642,2,11,4,-0.5981800582456432,1,1,0.8167011341816639,0,2,-0.6790301722925833,-0.6542432045357714,1
1,2.565383035980552,2.5994946413179605,2,1,1,-0.8827708677536213,1,0,-0.6638211189161308,1,2,-1.2324566061242423,-0.6542432045357714,1
1,-0.7876661421243721,1.5019067738916974,1,7,4,-0.15305084337419023,0,0,-0.6638211189161308,1,2,-1.2324566061242423,1.97083489515075,0
0,-0.373016122945927,-0.7397421707895886,2,1,1,-0.8827708677536213,0,1,-0.2936905556416821,0,2,-0.5960162072178345,0.14224066894686466,0
0,-1.083337354943263,0.8644036837701415,2,13,8,-0.5179108555639058,1,1,1.92709282400501,0,2,-0.5683448855262515,-0.6542432045357714,1
0,-0.5141924678053978,-1.0131139933116966,2,8,4,-0.8827708677536213,0,0,-0.6638211189161308,0,3,0.04042419168857342,-0.6542432045357714,1
1,0.017660554652607758,-1.0043660949909892,1,2,4,1.1847692013214335,0,0,-0.6638211189161308,1,2,1.949745388407797,-0.6542432045357714,0
0,-0.7876661421243721,0.8458143998386379,2,11,4,-0.031430839310951704,1,1,2.1121581056422345,0,2,-0.6790301722925833,1.97083489515075,0
0,-0.7503742774445118,-0.7397421707895886,2,11,4,-0.7611508636903828,0,0,-0.6638211189161308,1,2,-0.4023169553767538,1.4936083076224038,0
1,-0.7210735266246219,1.7479414141615945,2,8,4,-0.8219608657220021,0,1,0.0764400076327666,0,2,-1.2324566061242423,1.97083489515075,0
0,-0.16613506412670298,-0.7758272513625069,1,14,4,-0.39629085150066723,0,0,-0.6638211189161308,0,2,0.7045359122865643,-0.619728903351524,0
0,0.05584032087246455,0.2990707547944219,2,2,4,-0.27467084743742876,0,0,-0.6638211189161308,0,2,0.6491932689033983,-0.6542432045357714,0
1,-0.3881104491258705,-0.6850678062851671,1,9,4,-0.7003408616587635,1,0,-0.6638211189161308,1,2,0.5661793038286496,1.97083489515075,1
1,-1.0691309303033167,1.3739687609513505,2,8,5,-0.5981800582456432,0,1,0.0764400076327666,1,2,0.15110947845490524,-0.6356585808211767,0
1,0.38880339837121586,-0.4849596321989839,2,9,4,-0.8219608657220021,0,1,0.0764400076327666,0,2,0.28946608691282,-0.6515882582908293,0
1,-1.11352600730315,-1.0131139933116966,2,11,4,-0.5592616569454069,0,0,-0.6638211189161308,0,2,-0.1256037384609243,-0.6515882582908293,0
0,-0.23272767962645324,-0.19299852574537255,2,8,4,-0.3549400501191662,1,1,-0.2936905556416821,1,2,1.3340584807700764,-0.6542432045357714,1
1,0.2707124935516589,-0.08364979673652934,2,3,5,0.6982891850684794,1,1,0.0764400076327666,0,2,0.6630289297491898,0.965274004878922,1
0,0.1668280133720483,-0.35702161925863735,1,6,4,0.09018916475228682,0,0,-0.6638211189161308,0,2,0.012752869996990466,-0.6542432045357714,0
1,2.0021204965451656,1.0918490401085352,2,10,4,2.1893504348837833,1,1,1.1868316974561126,0,2,-1.2324566061242423,-0.6542432045357714,1
1,-0.5434932186252878,-0.7944165352940102,2,6,4,-0.6395308596271443,0,0,-0.6638211189161308,0,2,0.15110947845490524,-0.6542432045357714,0
1,0.09313218555232484,-0.5396339967034055,1,4,1,-0.8827708677536213,0,0,-0.6638211189161308,0,2,-0.4023169553767538,-0.6542432045357714,0
0,-0.9137481608038994,0.08037329677673548,1,1,1,-0.8827708677536213,0,0,-0.6638211189161308,0,2,-1.2324566061242423,-0.6542432045357714,0
0,2.2311990938643063,2.486045334971286,2,5,1,-0.8827708677536213,1,1,2.1121581056422345,0,2,-1.2324566061242423,0.0015285179649322644,1
1,0.07803785937238131,-0.9770289127387783,1,8,8,0.6982891850684794,1,1,-0.2936905556416821,1,2,1.7560461365667166,1.97083489515075,1
0,-0.9652464501237061,1.5751704223276224,2,8,8,2.036109229764103,1,0,-0.6638211189161308,0,2,1.1196057376603086,-0.6542432045357714,1
0,-0.09954244862695273,0.1897220257855787,2,4,4,1.792869221637626,0,0,-0.6638211189161308,1,1,-0.5406735638346686,-0.6542432045357714,0
0,-0.6029826218050649,-0.8665866964398468,2,6,8,-0.031430839310951704,1,0,-0.6638211189161308,0,2,1.534675563034053,-0.6542432045357714,0
1,-0.728176738944595,1.4198952271350649,2,14,8,-0.6589900602772625,1,1,-0.2936905556416821,0,2,-0.5406735638346686,-0.6542432045357714,1
0,0.017660554652607758,1.4472324093872757,2,1,1,-0.8827708677536213,0,0,-0.6638211189161308,0,2,0.04042419168857342,1.97083489515075,0
0,0.0851410716923545,-0.895017365982146,2,13,4,-0.8633116671035032,1,0,-0.6638211189161308,0,2,1.8113887799498825,1.97083489515075,1
1,-0.6615841234448447,-0.6850678062851671,2,2,8,0.029379162720667554,1,1,1.5569622607305613,0,2,0.15110947845490524,0.21392421756030192,1
1,0.47759355237088286,-0.9857768110594859,1,8,4,-0.15305084337419023,0,0,-0.6638211189161308,1,2,0.37248005198756884,-0.3542342788573119,1
1,-0.13683431330681303,-0.7397421707895886,1,4,4,-0.7611508636903828,0,0,-0.6638211189161308,0,2,0.3171374086044029,-0.6542432045357714,0
0,-0.6473776988048984,-0.9037652643028534,2,11,8,-0.27467084743742876,1,1,-0.2936905556416821,0,2,-1.2324566061242423,1.1458103495349863,1
1,-0.9057570469439291,-0.9584396288072751,1,8,8,-0.7611508636903828,0,0,-0.6638211189161308,0,2,0.7045359122865643,-0.11263417056757892,0
1,0.004342031552657831,2.376696605962443,2,8,4,-0.6395308596271443,1,0,-0.6638211189161308,0,2,-0.4023169553767538,-0.6542432045357714,0
1,-0.7583653913044821,-0.35702161925863735,2,7,4,-0.25521164678731056,1,1,-0.2936905556416821,0,2,0.5661793038286496,1.4697137914179248,1
1,0.5441861678706331,-0.6303934417807454,1,8,5,-0.7611508636903828,1,0,-0.6638211189161308,1,2,-0.09793241676934135,0.4077352934410767,0
0,-0.5807850833051481,-0.02897543223210773,2,9,4,-0.39629085150066723,0,0,-0.6638211189161308,1,2,1.2579623461182234,-0.6383135270661188,0
1,0.44030168769102257,-0.18425062742466508,2,9,4,-0.3160216488189298,1,0,-0.6638211189161308,1,2,0.15110947845490524,-0.6542432045357714,0
0,1.4098901693673864,-0.8490908997984319,2,11,8,0.45504917694200236,1,1,-0.2936905556416821,0,2,1.0711809247000383,1.7139688459526,1
1,0.06294353319243776,-0.13832416124095095,1,13,4,-0.15305084337419023,0,0,-0.6638211189161308,1,2,-0.4023169553767538,-0.6542432045357714,0
0,-0.07024169780706277,1.3192943964469288,2,11,8,-0.8414200663721202,0,1,2.1121581056422345,1,2,-0.3400564815706922,-0.6462783658009451,0
1,-0.31441462130614706,-0.6763199079644595,2,9,4,0.9415291931949564,1,1,1.1868316974561126,1,2,-0.5406735638346686,-0.6462783658009451,1
1,2.0829195366848623,2.376696605962443,2,10,9,-0.8827708677536213,1,1,2.1121581056422345,0,2,-0.1809463818440902,-0.3091001926932958,0
1,-1.3576989308022345,-0.8490908997984319,2,8,4,-0.031430839310951704,1,1,1.1868316974561126,1,2,1.2026197027350574,1.1776697044742916,1
1,-0.6029826218050649,1.7206042319093837,2,9,4,-0.4571008535322865,1,0,-0.6638211189161308,1,2,0.5661793038286496,-0.6542432045357714,0
1,0.1153297240522416,0.1897220257855787,2,11,8,1.792869221637626,1,1,2.1121581056422345,1,2,1.5900182064172188,1.97083489515075,1
1,-0.10664566094692594,-0.9037652643028534,2,8,4,-0.031430839310951704,1,1,2.1121581056422345,0,2,-1.0110860325915787,0.7794277677329735,1
1,-0.8098636806242888,-0.9125131626235609,2,4,4,-0.8219608657220021,0,0,-0.6638211189161308,1,2,0.7045359122865643,-0.5082211610639549,0
1,0.9215443223692179,-0.8031644336147177,2,14,4,0.33342917287876384,1,0,-0.6638211189161308,0,2,2.295636909552584,0.9387245424295008,1
1,0.4704903400509097,-0.5757190772763238,2,3,4,-0.7611508636903828,0,0,-0.6638211189161308,1,2,0.29638391733571573,-0.6542432045357714,0
1,-0.4919949293054811,1.7938678803453088,2,13,4,-0.6395308596271443,0,0,-0.6638211189161308,0,2,-1.2324566061242423,-0.6489333120458872,0
1,-0.1288431994468427,-0.611804157849242,2,8,8,1.2261200027029346,1,0,-0.6638211189161308,0,2,0.5661793038286496,-0.1232539555473474,1
1,-1.0025383148035665,-0.9584396288072751,2,11,4,-0.8219608657220021,0,0,-0.6638211189161308,0,2,0.15110947845490524,-0.6542432045357714,0
1,-1.0389422779434296,-0.9311024465550642,2,11,4,0.09018916475228682,1,1,0.0764400076327666,1,2,-0.6790301722925833,-0.6542432045357714,1
1,1.780145111545998,-1.0043660949909892,2,14,8,-0.8633116671035032,1,0,-0.6638211189161308,0,2,-1.2324566061242423,1.97083489515075,1
1,2.565383035980552,0.5177682128121084,2,10,9,-0.8827708677536213,0,0,-0.6638211189161308,0,2,-1.2324566061242423,-0.6223838495964661,0
1,0.8176598421896074,-0.2935993564335083,2,7,4,0.819909189131718,0,0,-0.6638211189161308,1,1,1.534675563034053,-0.6542432045357714,0
0,-1.3355013923023178,-0.9671875271279825,2,6,4,-0.8219608657220021,0,0,-0.6638211189161308,0,2,0.15110947845490524,-0.6515882582908293,0
1,-0.16613506412670298,-0.8862694676614385,2,9,4,-0.7416916630402646,0,1,-0.2936905556416821,0,2,1.1196057376603086,1.97083489515075,0
1,0.23342062887179857,-0.02897543223210773,2,6,4,-0.39629085150066723,1,0,-0.6638211189161308,1,2,0.42782269537073475,-0.6542432045357714,0
0,2.565383035980552,-1.0131139933116966,2,8,4,-0.8827708677536213,0,0,-0.6638211189161308,0,3,0.04042419168857342,-0.6542432045357714,1
1,0.9437418608691347,-0.9682810144180709,2,3,8,1.6104392155427683,1,0,-0.6638211189161308,0,2,1.534675563034053,-0.6542432045357714,1
0,-0.7876661421243721,1.392558044882854,1,11,4,0.5766691810052409,1,0,-0.6638211189161308,1,2,0.6215219472118154,-0.6542432045357714,0
1,-0.6171890464450113,-0.5757190772763238,2,10,2,-0.8025016650718839,0,1,0.0764400076327666,0,2,0.9812491292023938,1.97083489515075,0
1,1.1506229196883586,-0.9037652643028534,2,3,8,1.549629213511149,1,0,-0.6638211189161308,1,2,0.9812491292023938,-0.6542432045357714,1
0,-0.7432710651245386,1.5565811383961188,2,14,8,-0.6395308596271443,1,1,0.0764400076327666,1,2,0.8428925207444791,0.8086321764273369,1
1,0.2707124935516589,-0.7211528868580853,2,3,5,-0.8219608657220021,0,0,-0.6638211189161308,1,2,1.8113887799498825,1.97083489515075,0
1,-0.7361678528045654,1.5019067738916974,2,3,4,0.819909189131718,1,1,2.1121581056422345,0,2,-0.8450581024420811,1.315726909211282,1
1,-0.48400381544551074,-0.8217537175462211,2,4,4,-0.7003408616587635,0,1,0.0764400076327666,1,2,-0.028754112540383965,-0.6462783658009451,0
0,-1.224513699802734,0.9551631288474812,2,6,4,-0.2138608454058095,1,0,-0.6638211189161308,1,2,-1.2324566061242423,-0.6542432045357714,1
1,-0.9723496624436794,-0.7758272513625069,2,11,4,-0.15305084337419023,0,0,-0.6638211189161308,0,2,-0.48533092045150267,-0.6356585808211767,0
1,0.026539570052574585,2.522130415544204,2,2,4,0.5766691810052409,1,1,2.1121581056422345,0,2,0.49700099959969213,1.2838675542719764,1
0,2.3270924601839464,-0.5757190772763238,2,1,1,2.1893504348837833,0,1,-0.2936905556416821,0,2,-1.2324566061242423,-0.6276937420863503,0
1,2.512663882043251,-0.6763199079644595,2,11,4,-0.8219608657220021,1,0,-0.6638211189161308,1,2,0.5661793038286496,-0.6542432045357714,1
0,2.565383035980552,2.0486504189359134,2,1,1,-0.8827708677536213,1,1,2.1121581056422345,1,2,-1.2324566061242423,1.97083489515075,1
1,-0.11463677480689627,-0.7856686369733028,1,3,5,-0.6395308596271443,1,1,2.1121581056422345,1,2,-0.319302990302005,-0.5799047096773922,0
1,1.5279810741869435,0.40841948380326515,2,11,8,2.036109229764103,1,0,-0.6638211189161308,1,2,1.188784041889266,-0.6542432045357714,1
0,-0.6917727758047318,1.5019067738916974,1,4,8,0.5766691810052409,0,0,-0.6638211189161308,1,2,-1.0940999976663277,-0.6117640646166975,0
1,-0.994547200943596,1.0098374933519028,2,8,4,-0.07278164069245278,1,1,0.4465705709072153,1,2,-0.9557433892084128,-0.5799047096773922,1
1,1.4915771110470804,0.6544541240731624,2,9,8,2.1893504348837833,1,1,2.1121581056422345,0,2,-1.2324566061242423,1.4431643289685034,1
1,-0.7210735266246219,-0.6850678062851671,2,11,4,0.2726191708471446,1,1,0.4465705709072153,1,2,-1.2324566061242423,0.8909355100205426,1
1,0.07803785937238131,2.0486504189359134,1,1,1,-0.8827708677536213,0,1,0.0764400076327666,0,2,-0.1256037384609243,-0.6515882582908293,0
1,0.19612876419193828,-0.9398503448757717,1,13,4,-0.8414200663721202,0,0,-0.6638211189161308,0,2,0.012752869996990466,-0.6542432045357714,0
1,-0.6917727758047318,-0.9125131626235609,1,9,4,0.39423917491038313,1,1,1.5569622607305613,1,2,0.20645212183807113,0.2670231424591443,0
1,-1.2831152014425138,-0.9398503448757717,1,4,4,-0.7416916630402646,0,0,-0.6638211189161308,0,1,0.15110947845490524,-0.6542432045357714,0
0,-0.9359456993038162,0.8458143998386379,2,8,4,-0.8025016650718839,0,0,-0.6638211189161308,0,2,-1.2324566061242423,0.2776429274389128,0
0,2.565383035980552,2.5953940639801294,2,11,4,2.1893504348837833,1,0,-0.6638211189161308,1,2,-1.0871821672434319,1.97083489515075,1
1,0.017660554652607758,0.08037329677673548,1,6,4,2.1893504348837833,1,0,-0.6638211189161308,0,2,-1.2324566061242423,-0.6542432045357714,0
0,-0.5656907571252046,1.683425664046377,2,13,8,0.819909189131718,1,1,1.5569622607305613,0,2,1.534675563034053,0.5617221756477196,1
1,-0.8764562961240391,1.119186222360746,2,8,4,-0.7611508636903828,1,0,-0.6638211189161308,0,2,-0.2639603469188391,-0.6542432045357714,0
1,-0.9723496624436794,-1.0131139933116966,2,8,4,-0.8827708677536213,0,0,-0.6638211189161308,0,3,0.04042419168857342,-0.6542432045357714,0
0,-0.5434932186252878,1.93930168992707,1,1,1,0.09018916475228682,0,1,-0.2936905556416821,1,2,0.15110947845490524,-0.6515882582908293,0
1,1.017437688688858,-0.0016382499798969264,2,11,4,1.3453076066849083,1,0,-0.6638211189161308,0,1,-1.2324566061242423,-0.6542432045357714,1
1,-0.4174111999457605,-0.6303934417807454,1,8,4,-0.39629085150066723,1,1,1.1868316974561126,1,2,-0.1256037384609243,1.97083489515075,1
1,2.3492899986838633,0.5265161111328158,2,7,4,2.1893504348837833,1,1,1.5569622607305613,1,2,1.2579623461182234,1.97083489515075,1
1,2.1797008045445,1.5019067738916974,2,1,1,1.549629213511149,1,1,1.1868316974561126,0,2,-1.2324566061242423,1.97083489515075,1
1,1.7721539976860279,1.1738605868651677,2,3,5,-0.8827708677536213,1,1,2.1121581056422345,0,2,-1.2324566061242423,1.97083489515075,1
1,0.7510672266898571,-0.9037652643028534,2,7,4,-0.7611508636903828,1,0,-0.6638211189161308,0,1,0.7598785556697302,-0.6542432045357714,0
1,-0.3366121598060638,-0.5669711789556163,1,6,4,0.09018916475228682,1,1,0.4465705709072153,1,2,1.3271406503471808,0.832526692631816,1
1,-0.10664566094692594,0.40841948380326515,2,13,4,0.6374791830368601,1,1,2.1121581056422345,0,2,1.0504274334313513,1.97083489515075,1
1,1.8165490746858612,-0.5669711789556163,1,1,1,-0.15305084337419023,0,0,-0.6638211189161308,0,2,-0.4023169553767538,-0.6515882582908293,0
0,-0.5656907571252046,1.392558044882854,1,6,4,1.306389205384672,1,0,-0.6638211189161308,0,2,-0.4023169553767538,-0.6542432045357714,0
1,-0.15104073794675946,-0.8490908997984319,1,8,4,-0.8633116671035032,0,0,-0.6638211189161308,0,2,0.42782269537073475,-0.6542432045357714,0
0,0.20411987805190862,-0.9311024465550642,2,13,4,-0.7003408616587635,0,0,-0.6638211189161308,0,2,0.8428925207444791,-0.5374255697583182,1
1,-0.4990981416254543,-0.8490908997984319,2,8,5,-0.7611508636903828,1,0,-0.6638211189161308,0,2,1.1818662114663703,-0.5931794409021027,1
0,-0.23983089194642646,-0.7856686369733028,2,8,4,0.33342917287876384,1,1,1.1868316974561126,1,2,0.8428925207444791,1.97083489515075,1
0,-1.1801186228029004,-0.9311024465550642,3,13,1,2.1893504348837833,0,0,-0.6638211189161308,1,1,0.8428925207444791,-0.6542432045357714,1
1,-0.9723496624436794,0.5177682128121084,2,8,4,-0.09224084134257096,1,1,0.4465705709072153,0,2,0.15110947845490524,1.97083489515075,1
1,-1.2316169121227072,2.5994946413179605,3,1,7,-0.8827708677536213,0,0,-0.6638211189161308,1,3,1.8805670841788398,1.97083489515075,1
1,-1.1801186228029004,0.46309384830768674,1,7,4,-0.8633116671035032,0,0,-0.6638211189161308,0,2,-0.2639603469188391,-0.6542432045357714,0
1,1.4471820340472468,-0.4663703482674806,2,7,5,0.33342917287876384,1,1,2.1121581056422345,1,2,1.6038538672630103,1.97083489515075,1
1,2.3128860355440004,0.8458143998386379,2,10,8,2.1893504348837833,1,1,0.4465705709072153,0,2,-1.2324566061242423,-0.6542432045357714,1
1,-1.5645799896214585,-0.13832416124095095,1,9,4,-0.031430839310951704,1,1,0.0764400076327666,1,2,-0.4023169553767538,1.97083489515075,1
1,-1.0691309303033167,1.0645118578563244,2,11,4,-0.39629085150066723,1,0,-0.6638211189161308,1,2,-0.8173867807504981,0.4077352934410767,1
0,-0.8391644314441788,1.5379918544646154,2,4,8,-0.8414200663721202,0,0,-0.6638211189161308,0,2,0.9812491292023938,-0.6409684733110609,0
1,-1.224513699802734,1.1738605868651677,2,9,8,-0.8025016650718839,0,1,-0.2936905556416821,0,2,-0.4023169553767538,-0.6515882582908293,0
1,0.30711645669152204,-0.4663703482674806,1,9,4,0.5766691810052409,0,0,-0.6638211189161308,0,1,0.15110947845490524,-0.6542432045357714,0
1,-0.19543581494659296,-0.24767289024979416,2,9,4,0.819909189131718,1,1,0.4465705709072153,1,2,1.0435096030084554,-0.6542432045357714,0
1,-0.8835595084440123,-0.8490908997984319,1,12,7,-0.5179108555639058,0,0,-0.6638211189161308,1,2,-0.319302990302005,-0.6489333120458872,0
1,-1.1721275089429302,1.2285349513695891,2,8,8,-0.3549400501191662,0,0,-0.6638211189161308,0,2,0.9812491292023938,-0.619728903351524,0
1,-0.2993202951262035,-0.35702161925863735,2,9,4,-0.5179108555639058,0,0,-0.6638211189161308,1,2,0.8428925207444791,-0.4763618061246494,0
0,1.2838081506878591,1.2832093158740108,2,11,4,1.549629213511149,1,1,1.92709282400501,1,2,-1.2324566061242423,-0.6542432045357714,1
1,-0.7654686036244553,1.5019067738916974,2,3,4,-0.6808816610086453,0,0,-0.6638211189161308,0,2,-1.2324566061242423,-0.6542432045357714,0
0,0.017660554652607758,-0.24767289024979416,2,2,4,0.5766691810052409,1,0,-0.6638211189161308,1,2,0.8428925207444791,-0.6542432045357714,0
0,-0.9723496624436794,0.6271169418209516,2,4,4,-0.15305084337419023,1,1,-0.2936905556416821,0,2,-0.1256037384609243,-0.0329857832193153,1
0,-0.8986538346239559,-0.5024554288403988,2,3,5,-0.6395308596271443,1,1,0.8167011341816639,0,1,-0.6790301722925833,-0.6542432045357714,1
1,-0.4174111999457605,-0.08364979673652934,2,13,4,1.2042284019715517,1,1,-0.2936905556416821,1,2,-0.4023169553767538,-0.6542432045357714,1
0,-0.3588096983059806,-0.6489827257122488,2,1,1,-0.8827708677536213,0,0,-0.6638211189161308,0,2,1.1196057376603086,-0.6515882582908293,0
1,0.9508450731891079,-0.7856686369733028,2,9,4,1.549629213511149,1,1,1.5569622607305613,1,2,2.226458605323627,1.97083489515075,1
0,-1.165024296622957,1.1738605868651677,2,9,4,-0.39629085150066723,0,1,-0.2936905556416821,0,2,-0.4023169553767538,-0.6515882582908293,0
0,-0.25492521812637,-0.7944165352940102,2,11,4,-0.39629085150066723,1,1,0.0764400076327666,1,2,-0.07717892550065412,0.6732299179352887,0
0,-0.8764562961240391,0.2990707547944219,2,6,4,0.33342917287876384,1,1,0.4465705709072153,0,2,-0.6790301722925833,1.7829974483210949,1
1,-0.8471555453041492,1.392558044882854,2,14,4,-0.7416916630402646,1,1,1.5569622607305613,0,2,-0.3953991249538581,-0.6542432045357714,1
1,-0.8391644314441788,-0.9037652643028534,2,8,4,-0.8219608657220021,0,0,-0.6638211189161308,0,2,1.2579623461182234,-0.6542432045357714,0
1,0.1153297240522416,0.9551631288474812,1,9,8,1.6712492175743876,1,0,-0.6638211189161308,1,2,-0.16711072099829874,-0.6542432045357714,1
0,1.2394130736880258,-0.7944165352940102,2,11,4,-0.8219608657220021,0,0,-0.6638211189161308,1,2,0.5869327950973368,-0.6542432045357714,0
0,-0.6917727758047318,-0.8851759803713501,1,1,1,-0.8219608657220021,0,0,-0.6638211189161308,0,2,-0.4023169553767538,-0.423262881225807,0
0,-1.1943250474428468,-0.895017365982146,2,8,4,-0.031430839310951704,0,1,-0.2936905556416821,1,2,-0.6790301722925833,-0.6409684733110609,0
1,0.14463047487213157,-0.4663703482674806,1,9,4,2.1893504348837833,0,0,-0.6638211189161308,1,2,0.7045359122865643,-0.6542432045357714,0
0,-0.7725718159444286,-0.9398503448757717,2,11,4,-0.5179108555639058,0,0,-0.6638211189161308,0,1,-0.1256037384609243,-0.6542432045357714,0
1,0.2929100320515756,-0.7769207386525953,2,7,4,-0.3160216488189298,0,0,-0.6638211189161308,0,1,-1.0387573542831618,-0.6542432045357714,0
1,-0.15104073794675946,-0.7036570902166703,2,9,8,-0.5179108555639058,1,1,-0.2936905556416821,0,2,0.42782269537073475,-0.38874858004155943,1
1,0.040745994692521006,-0.4663703482674806,2,6,4,2.1893504348837833,1,0,-0.6638211189161308,1,2,2.3855687050502286,-0.6542432045357714,0
0,-0.9501521239437626,-0.611804157849242,2,11,4,0.13153996613378788,1,1,1.1868316974561126,0,2,0.28946608691282,1.97083489515075,1
1,0.21122309037188183,-0.411695983763059,2,3,5,-0.8827708677536213,0,0,-0.6638211189161308,0,2,0.012752869996990466,-0.6542432045357714,0
1,-0.8249580068042324,-0.8315951031570169,2,8,8,0.17045836743402426,0,0,-0.6638211189161308,1,2,-0.3469743119935879,-0.6542432045357714,1
0,0.3595026475513259,1.6112555029005404,2,11,8,2.1893504348837833,1,1,2.1121581056422345,0,2,-1.2324566061242423,1.97083489515075,1
1,0.04873710855249134,-0.037723330552815196,2,13,8,2.055568430414221,1,1,0.4465705709072153,0,2,0.9189886553963321,0.14224066894686466,1
0,-0.7725718159444286,-0.8403430014777243,2,3,4,-0.8414200663721202,0,0,-0.6638211189161308,0,2,-0.23628902522725612,-0.6542432045357714,0
1,-0.4174111999457605,2.1765884318762603,2,3,5,-0.8827708677536213,0,0,-0.6638211189161308,1,2,-0.0010827908488010105,-0.6542432045357714,0
1,1.1213221688684687,-0.5757190772763238,2,7,4,-0.031430839310951704,1,1,0.0764400076327666,1,2,-1.2324566061242423,-0.6144190108616396,1
1,-0.10664566094692594,-0.7758272513625069,1,8,4,-0.8633116671035032,0,0,-0.6638211189161308,0,2,-0.056425434231966914,-0.17900782669113194,0
1,0.5663837063705499,0.5177682128121084,2,11,8,2.1893504348837833,1,1,1.92709282400501,1,2,0.8428925207444791,-0.6409684733110609,0
1,-1.2689087768025675,-0.9945247093801933,1,8,4,-0.8633116671035032,0,0,-0.6638211189161308,0,2,-0.2639603469188391,1.2626279843124395,0
1,1.5803672650467473,-0.5122968144511947,2,1,1,-0.7416916630402646,0,0,-0.6638211189161308,0,2,0.15110947845490524,-0.6462783658009451,0
1,-0.7503742774445118,-0.9759354254486899,2,7,4,-0.8414200663721202,0,0,-0.6638211189161308,0,1,-1.2324566061242423,-0.6542432045357714,0
0,0.30711645669152204,-0.7397421707895886,1,3,8,-0.6395308596271443,0,0,-0.6638211189161308,1,2,-0.1256037384609243,-0.6542432045357714,0
1,1.1435197073683854,1.392558044882854,1,2,4,-0.15305084337419023,1,0,-0.6638211189161308,0,1,-1.2324566061242423,-0.6542432045357714,0
1,2.4975695558633073,-0.411695983763059,2,9,4,-0.031430839310951704,1,1,1.1868316974561126,1,2,-0.8173867807504981,-0.5002563223291285,1
1,-0.5212956801253711,-0.9311024465550642,2,7,4,-0.7611508636903828,1,1,0.4465705709072153,0,2,0.5661793038286496,1.97083489515075,1
0,0.9064499961892744,-0.7856686369733028,2,6,4,-0.5592616569454069,0,0,-0.6638211189161308,0,2,0.42782269537073475,-0.025020944484488942,0
1,1.6167712281866105,2.5994946413179605,2,1,1,-0.8827708677536213,1,1,-0.2936905556416821,0,2,-0.582180546372043,-0.6542432045357714,0
0,0.22631741655182536,-0.6664785223536637,1,1,1,-0.8827708677536213,1,0,-0.6638211189161308,0,2,0.9812491292023938,-0.6542432045357714,0
1,-1.083337354943263,-0.13832416124095095,1,3,4,-0.39629085150066723,0,0,-0.6638211189161308,1,2,1.2579623461182234,1.97083489515075,0
0,-0.610085834125038,-0.4849596321989839,1,8,4,-0.8827708677536213,0,0,-0.6638211189161308,0,2,-0.4023169553767538,-0.6542432045357714,0
1,-0.7139703143046486,-0.6850678062851671,2,8,8,-0.1944016447556913,1,0,-0.6638211189161308,0,2,1.686867832337759,-0.1232539555473474,1
1,2.565383035980552,0.9551631288474812,2,1,1,1.063149197258195,0,1,-0.2936905556416821,0,2,-0.7482084765215408,-0.6383135270661188,0
1,1.4471820340472468,-0.9496917304865676,2,8,5,2.1893504348837833,1,1,2.1121581056422345,0,2,-1.2324566061242423,1.97083489515075,1
0,0.1668280133720483,-0.4663703482674806,1,8,4,0.33342917287876384,0,0,-0.6638211189161308,1,2,-1.2324566061242423,-0.6489333120458872,0
1,1.0547295533687184,-0.35702161925863735,2,11,8,2.036109229764103,1,1,2.1121581056422345,0,2,-0.6790301722925833,-0.6542432045357714,1
1,-0.7432710651245386,-0.8764280820506426,1,6,4,-0.8219608657220021,1,0,-0.6638211189161308,0,2,0.012752869996990466,-0.6515882582908293,0
1,0.30001324437154886,-0.4663703482674806,2,13,5,-0.6395308596271443,0,0,-0.6638211189161308,0,2,1.1749483810434744,-0.6542432045357714,0
1,2.2383023061842797,2.5994946413179605,2,2,5,2.1893504348837833,1,1,2.1121581056422345,1,2,-1.2324566061242423,-0.6542432045357714,1
0,1.1364164950484124,0.4445045643761834,2,11,4,2.1893504348837833,1,1,0.4465705709072153,1,2,-1.2324566061242423,-0.6542432045357714,1
0,1.1506229196883586,-1.0131139933116966,2,8,4,0.33342917287876384,1,0,-0.6638211189161308,0,2,-1.2324566061242423,-0.6542432045357714,1
1,0.25561816737171533,-0.6303934417807454,2,9,5,-0.7611508636903828,1,0,-0.6638211189161308,1,2,-0.10485024719223708,-0.6542432045357714,0
0,1.2101123228681356,-0.010386148300604392,2,4,8,-0.39629085150066723,0,0,-0.6638211189161308,1,1,0.42782269537073475,-0.6542432045357714,0
1,-0.07024169780706277,-0.42044388208376643,1,7,4,-0.8219608657220021,0,0,-0.6638211189161308,1,1,-0.6790301722925833,-0.6542432045357714,0
1,-0.3286210459460935,-0.8490908997984319,2,11,8,-0.8025016650718839,0,0,-0.6638211189161308,1,2,0.28946608691282,0.012148302944700746,0
1,-1.0611398164433463,0.5724425773165299,2,7,4,-0.8633116671035032,0,1,-0.2936905556416821,0,2,-0.5406735638346686,-0.6515882582908293,0
0,0.8842524576893577,-0.7944165352940102,2,3,5,0.21180916881552533,1,0,-0.6638211189161308,1,2,-1.2324566061242423,0.14224066894686466,1
0,-0.6988759881247051,-0.6850678062851671,2,9,4,-0.4571008535322865,0,0,-0.6638211189161308,1,2,-0.1256037384609243,-0.6542432045357714,0
1,0.026539570052574585,-0.8315951031570169,2,14,4,-0.23332004605592765,1,1,2.1121581056422345,1,2,0.8636460120131663,1.97083489515075,1
0,-1.2023161613028173,1.392558044882854,2,14,8,-0.39629085150066723,1,1,2.1121581056422345,0,2,-1.2324566061242423,1.97083489515075,1
0,0.1597248010520751,-0.5210447127719022,1,13,4,0.819909189131718,0,0,-0.6638211189161308,1,2,0.15110947845490524,-0.2798957839989325,0
0,1.8760384778656383,0.5177682128121084,2,6,8,0.5766691810052409,0,0,-0.6638211189161308,0,2,-1.2324566061242423,-0.6542432045357714,0
0,-0.5283988924453442,-0.7670793530417994,2,11,4,-0.25521164678731056,1,1,0.0764400076327666,0,2,0.15110947845490524,-0.6542432045357714,0
1,0.8176598421896074,-0.6850678062851671,2,3,5,-0.8827708677536213,0,0,-0.6638211189161308,0,1,0.8428925207444791,-0.6542432045357714,0
1,-0.6615841234448447,-0.8851759803713501,1,13,8,-0.8219608657220021,0,0,-0.6638211189161308,0,2,0.42782269537073475,-0.6515882582908293,0
1,2.186804016864473,1.7206042319093837,2,4,8,2.1893504348837833,1,0,-0.6638211189161308,1,2,-1.0664286759747448,1.97083489515075,1
0,-0.25492521812637,-0.3482737209379299,1,14,8,0.352888373528882,1,1,-0.2936905556416821,0,2,-0.7482084765215408,-0.6542432045357714,1
1,0.06294353319243776,-0.13832416124095095,2,7,4,0.33342917287876384,1,0,-0.6638211189161308,1,2,1.2579623461182234,-0.6542432045357714,1
1,-0.9057570469439291,-0.8217537175462211,1,8,8,-0.7611508636903828,0,0,-0.6638211189161308,0,2,0.7045359122865643,-0.11263417056757892,0
1,0.24851495505174212,0.9923416967104879,2,8,4,1.306389205384672,1,1,2.1121581056422345,1,2,-1.2324566061242423,-0.06750008440356287,1
1,1.0547295533687184,2.5994946413179605,2,11,8,-0.780610064340501,1,1,-0.2936905556416821,0,2,2.641528430697371,-0.4152980424909806,0
0,0.6107787833703834,0.2990707547944219,2,4,4,-0.39629085150066723,1,0,-0.6638211189161308,1,2,-1.2324566061242423,-0.6542432045357714,1
1,0.5370829555506599,-0.5669711789556163,2,9,4,-0.8633116671035032,1,0,-0.6638211189161308,1,2,1.534675563034053,1.97083489515075,1
1,-0.13683431330681303,-0.5669711789556163,1,14,8,-0.8633116671035032,0,0,-0.6638211189161308,0,2,-0.3469743119935879,-0.6515882582908293,0
1,0.5290918416906896,-0.4302852676945623,2,13,4,-0.8025016650718839,0,0,-0.6638211189161308,1,2,-1.2324566061242423,0.6758848641802309,0
1,-0.0036490823073125037,2.5994946413179605,2,8,4,2.1893504348837833,1,1,2.1121581056422345,0,2,-1.2324566061242423,1.97083489515075,1
1,0.41810414919110583,-0.45762244994677315,2,1,1,-0.8827708677536213,0,0,-0.6638211189161308,0,2,-1.2324566061242423,1.97083489515075,0
1,-0.9652464501237061,-0.4849596321989839,2,8,4,0.09018916475228682,1,1,2.1121581056422345,1,2,0.15110947845490524,1.97083489515075,1
1,1.4027869570474134,0.26298567422150365,2,9,4,1.792869221637626,0,0,-0.6638211189161308,0,2,1.9843345405222759,-0.2560012677944534,0
1,-0.8320612191242056,0.7003805902568765,1,3,5,-0.8025016650718839,0,0,-0.6638211189161308,1,2,0.04042419168857342,-0.6542432045357714,0
1,-0.9652464501237061,1.1738605868651677,1,8,4,0.33342917287876384,1,0,-0.6638211189161308,0,1,-0.9557433892084128,-0.6542432045357714,1
1,0.31510757055149236,-0.4663703482674806,2,9,4,-0.8827708677536213,1,0,-0.6638211189161308,1,2,0.420904864947839,-0.1232539555473474,1
1,-0.6473776988048984,-0.8217537175462211,2,7,4,-0.8414200663721202,0,1,0.8167011341816639,0,2,0.5246723212912751,1.97083489515075,0
1,0.5290918416906896,0.40841948380326515,2,7,8,1.1847692013214335,1,1,2.1121581056422345,1,2,-0.5890983767949387,-0.6542432045357714,1
0,-0.9430489116237893,1.0732597561770316,2,3,4,-0.8633116671035032,0,0,-0.6638211189161308,0,2,0.15110947845490524,1.97083489515075,0
1,0.4704903400509097,-0.30234725475421576,2,11,8,2.1893504348837833,1,0,-0.6638211189161308,1,2,-0.5268379029888771,1.0422674459822434,1
1,-0.7805629298043989,1.182608485185875,2,14,4,-0.8633116671035032,1,1,2.1121581056422345,0,2,-0.8173867807504981,0.3971155084613082,1
0,-0.39521366144584374,1.93930168992707,2,11,8,1.549629213511149,1,1,0.0764400076327666,0,2,-1.2324566061242423,1.97083489515075,1
0,1.3583918800475798,-0.9125131626235609,2,13,8,-0.6808816610086453,1,1,2.1121581056422345,1,2,1.8113887799498825,-0.6383135270661188,1
0,1.8467377270457483,-1.0131139933116966,1,1,1,-0.8827708677536213,0,0,-0.6638211189161308,0,2,-1.2324566061242423,-0.6542432045357714,0
1,0.6924657250500772,-0.4663703482674806,1,3,8,2.1893504348837833,0,0,-0.6638211189161308,1,1,0.15110947845490524,-0.6542432045357714,0
1,0.6924657250500772,-0.6577306240329562,2,8,4,-0.15305084337419023,1,1,2.1121581056422345,0,2,0.0542598525343649,1.97083489515075,1
0,-0.3286210459460935,-0.5669711789556163,2,9,4,-0.7611508636903828,0,0,-0.6638211189161308,1,2,0.012752869996990466,-0.5214958922886654,0
1,-1.083337354943263,1.0645118578563244,2,9,4,-0.15305084337419023,1,0,-0.6638211189161308,0,2,-0.4023169553767538,1.97083489515075,1
1,0.7217664758699671,-0.08364979673652934,2,8,5,2.1893504348837833,1,1,2.1121581056422345,0,2,-0.423070446645441,1.97083489515075,1
1,0.4482928015509929,-0.8490908997984319,1,2,4,-0.5981800582456432,0,0,-0.6638211189161308,0,2,0.42782269537073475,-0.6462783658009451,0
1,-0.461806276945594,-0.9584396288072751,2,3,5,-0.8827708677536213,1,0,-0.6638211189161308,1,2,-1.2324566061242423,-0.6542432045357714,1
1,0.714663263549994,-0.6391413401014528,1,7,4,-0.8025016650718839,0,0,-0.6638211189161308,0,1,1.534675563034053,-0.6542432045357714,0
1,0.9366386485491615,-0.9212610609442684,2,8,8,-0.780610064340501,1,1,1.5569622607305613,0,2,0.28946608691282,1.8626458356693585,1
1,-0.8915506223039826,0.6271169418209516,2,6,4,-0.1944016447556913,1,1,-0.2936905556416821,0,2,-0.6790301722925833,1.97083489515075,1
0,-1.0025383148035665,-0.7397421707895886,2,8,4,-0.8827708677536213,0,0,-0.6638211189161308,0,2,-1.2324566061242423,-0.6542432045357714,0
0,-0.3366121598060638,-0.35702161925863735,2,7,4,0.47450837759212056,0,1,-0.2936905556416821,1,2,0.7045359122865643,-0.6276937420863503,0
1,-0.869353083804066,-0.8403430014777243,1,13,4,-0.5592616569454069,0,0,-0.6638211189161308,0,2,-0.1256037384609243,-0.6542432045357714,0
1,-0.27712275662628677,0.10771047902894629,2,14,4,1.4280092094479104,1,1,0.0764400076327666,0,2,1.6730321714919676,-0.6356585808211767,1
1,-0.39521366144584374,-0.5210447127719022,2,3,5,-0.6395308596271443,0,0,-0.6638211189161308,1,2,2.641528430697371,1.97083489515075,0
0,-1.1499299704430133,1.0098374933519028,2,11,4,-0.2941300480875469,1,1,0.8167011341816639,0,2,-0.8173867807504981,0.7794277677329735,1
0,-0.7210735266246219,0.2717335725422111,2,11,4,0.659370783768243,1,1,2.1121581056422345,0,2,-0.4023169553767538,-0.0037813745249519765,1
1,-0.6917727758047318,-0.621645543460038,2,8,4,-0.6200716589770261,0,0,-0.6638211189161308,1,2,-0.291631668610422,-0.6515882582908293,0
1,-0.27001954430631353,0.08037329677673548,2,9,4,2.1893504348837833,1,0,-0.6638211189161308,1,2,-0.7482084765215408,-0.6542432045357714,1
1,-0.5062013539454275,-0.5297926110926097,1,6,4,1.063149197258195,1,0,-0.6638211189161308,0,2,0.06809551338015638,-0.6542432045357714,0
0,-0.2478220058063968,-0.6489827257122488,2,11,4,0.2920783714972628,1,0,-0.6638211189161308,1,2,1.8113887799498825,-0.6542432045357714,0
1,-0.7503742774445118,-0.3209365386857191,1,8,4,-0.8025016650718839,0,0,-0.6638211189161308,0,2,-0.1256037384609243,1.97083489515075,0
0,-0.610085834125038,-0.7856686369733028,1,1,1,-0.6395308596271443,1,1,0.4465705709072153,0,2,0.012752869996990466,-0.26396610652927976,0
1,-0.5878882956251213,-0.895017365982146,2,7,4,-0.39629085150066723,0,0,-0.6638211189161308,1,2,-0.4023169553767538,-0.6515882582908293,0
1,0.05584032087246455,-0.6303934417807454,1,10,8,-0.8633116671035032,1,0,-0.6638211189161308,1,2,1.4862507500737827,-0.6542432045357714,1
1,1.48358599718711,-0.19299852574537255,2,3,5,-0.39629085150066723,0,0,-0.6638211189161308,0,2,-0.5406735638346686,-0.6489333120458872,0
0,-0.2620284304463432,-0.24767289024979416,2,9,4,-0.4765600541824047,1,0,-0.6638211189161308,0,1,0.7045359122865643,-0.6542432045357714,1
1,-0.5283988924453442,-0.895017365982146,2,9,4,-0.8025016650718839,0,1,-0.2936905556416821,0,2,0.6491932689033983,0.52455292821853,0
1,-1.135723545803067,1.2372828496902966,2,1,1,-0.6808816610086453,0,0,-0.6638211189161308,0,2,-0.6790301722925833,-0.6542432045357714,0
1,-0.8613619699440955,-0.758331454721092,1,4,4,0.33342917287876384,1,1,-0.2936905556416821,0,2,0.012752869996990466,-0.6011442796369291,0
1,-0.6029826218050649,-0.7397421707895886,2,8,4,-0.7611508636903828,0,0,-0.6638211189161308,0,2,-0.4714952596057112,-0.6542432045357714,0
1,-1.3355013923023178,-0.11973487730944761,2,3,8,-0.6808816610086453,0,0,-0.6638211189161308,1,2,-0.4023169553767538,-0.6542432045357714,0
1,-0.4103079876257873,-0.5757190772763238,2,2,4,-0.5179108555639058,0,0,-0.6638211189161308,1,2,-0.6790301722925833,-0.6542432045357714,0
1,1.4915771110470804,-0.24767289024979416,2,6,4,0.819909189131718,1,0,-0.6638211189161308,0,1,0.3586443911417774,-0.6542432045357714,1
1,-0.6988759881247051,-0.411695983763059,2,1,1,1.306389205384672,0,0,-0.6638211189161308,0,2,-0.1256037384609243,-0.5878695484122185,0
0,0.8549517068694676,-0.5669711789556163,1,11,8,-0.8219608657220021,1,1,2.1121581056422345,1,2,1.9151562362933185,1.97083489515075,1
1,0.33730510905140915,2.5994946413179605,2,14,8,-0.09224084134257096,1,1,-0.2936905556416821,1,2,2.3302260616670627,0.6732299179352887,1
1,-0.6766784496247883,1.6112555029005404,2,8,4,0.13153996613378788,0,0,-0.6638211189161308,0,1,-0.6790301722925833,-0.6542432045357714,0
1,-1.1277324319430966,0.08037329677673548,2,11,4,-0.7003408616587635,1,1,0.0764400076327666,0,2,-1.2324566061242423,-0.5533552472279709,0
1,-0.09243923630697952,-0.9037652643028534,2,2,8,-0.8414200663721202,0,0,-0.6638211189161308,1,1,0.5108366604454836,-0.6542432045357714,0
0,-1.0318390656234564,-0.8490908997984319,2,8,4,-0.49601925483252285,1,1,1.1868316974561126,1,2,-0.2639603469188391,-0.6409684733110609,0
1,-0.461806276945594,-0.8305016158669285,2,13,4,-0.3160216488189298,0,0,-0.6638211189161308,0,2,-0.5406735638346686,-0.6542432045357714,0
1,-0.23272767962645324,-0.6850678062851671,1,8,4,-0.15305084337419023,1,0,-0.6638211189161308,1,2,-1.2324566061242423,-0.056880299423794384,0
1,-0.23983089194642646,1.0284267772834064,2,11,8,1.8731384243193634,1,1,1.5569622607305613,0,2,1.403236784999034,-0.20821223538549524,1
1,-0.47690060312553756,-0.7944165352940102,2,11,4,-0.031430839310951704,1,0,-0.6638211189161308,1,2,0.7045359122865643,-0.6542432045357714,1
1,-0.6988759881247051,-0.3209365386857191,1,4,4,-0.6808816610086453,0,1,-0.2936905556416821,1,2,0.7045359122865643,-0.44184750494040187,0
1,-0.4475998523056476,1.8299529609182268,2,10,2,-0.8827708677536213,0,0,-0.6638211189161308,1,2,-0.2639603469188391,1.97083489515075,0
1,2.038524459685029,0.46309384830768674,2,8,8,0.39423917491038313,1,1,2.1121581056422345,1,2,-1.2324566061242423,0.09976152902779072,1
1,0.017660554652607758,-0.9311024465550642,2,2,4,-0.4571008535322865,1,0,-0.6638211189161308,1,1,2.641528430697371,-0.6542432045357714,0
0,-0.5434932186252878,1.7206042319093837,2,2,4,-0.39629085150066723,0,0,-0.6638211189161308,1,2,0.012752869996990466,1.97083489515075,0
1,0.1597248010520751,-0.3209365386857191,1,14,4,0.6569383836869783,1,1,0.4465705709072153,1,2,1.396318954576138,-0.6542432045357714,1
1,0.7217664758699671,-0.6577306240329562,2,8,4,-0.15305084337419023,0,0,-0.6638211189161308,0,2,-1.2324566061242423,0.18471980886593858,0
0,-1.2165225859427635,-1.0131139933116966,1,5,1,-0.8827708677536213,0,0,-0.6638211189161308,0,2,-0.6375231897552089,-0.6542432045357714,0
1,-0.6615841234448447,-0.8676801837299352,2,8,4,-0.8025016650718839,0,0,-0.6638211189161308,0,2,-0.5406735638346686,-0.6542432045357714,1
1,-0.4174111999457605,-0.42044388208376643,1,13,4,1.6712492175743876,1,1,-0.2936905556416821,0,2,0.22720561310675835,-0.6542432045357714,1
0,-0.7876661421243721,-0.9223545482343568,2,3,4,-0.7198000623088817,0,0,-0.6638211189161308,1,1,-0.23628902522725612,-0.6542432045357714,0
1,0.7590583405498275,-0.895017365982146,1,6,4,-0.6395308596271443,1,1,0.4465705709072153,0,2,0.15110947845490524,1.97083489515075,1
0,-0.4697973908055643,0.8818994804115561,2,6,4,-0.1944016447556913,1,0,-0.6638211189161308,0,2,-0.1256037384609243,-0.2560012677944534,1
1,-1.0096415271235397,-1.0131139933116966,2,2,4,-0.6395308596271443,0,0,-0.6638211189161308,0,2,-0.23628902522725612,-0.6542432045357714,0
1,0.017660554652607758,-0.13832416124095095,1,3,4,-0.8414200663721202,0,0,-0.6638211189161308,1,2,1.610771697685906,-0.6542432045357714,0
1,-0.4103079876257873,-0.02897543223210773,1,8,5,0.33342917287876384,0,0,-0.6638211189161308,0,2,0.15110947845490524,1.97083489515075,0
0,-0.5727939694451778,-0.7397421707895886,2,1,1,-0.8827708677536213,1,0,-0.6638211189161308,0,2,-0.6790301722925833,-0.6542432045357714,0
0,0.07803785937238131,-0.6850678062851671,2,8,4,-0.7611508636903828,0,0,-0.6638211189161308,1,2,1.3409763111929722,-0.33033976265283277,0
1,-1.2165225859427635,-0.037723330552815196,2,8,4,-0.7611508636903828,0,0,-0.6638211189161308,0,1,-0.6790301722925833,-0.6542432045357714,0
0,0.5663837063705499,0.1897220257855787,2,11,4,-0.8219608657220021,1,0,-0.6638211189161308,1,2,0.3448087302959859,-0.6542432045357714,1
1,-0.7725718159444286,-0.45762244994677315,1,8,8,0.37477997426026494,1,0,-0.6638211189161308,0,2,-1.2324566061242423,-0.6542432045357714,1
0,-1.1943250474428468,1.219787053048882,2,1,1,-0.8827708677536213,0,0,-0.6638211189161308,0,2,-1.2324566061242423,-0.5214958922886654,0
1,-0.6171890464450113,1.6845191513364657,2,11,8,-0.11170004199268914,1,0,-0.6638211189161308,1,2,-0.4023169553767538,-0.6542432045357714,1
0,-0.4990981416254543,-0.9037652643028534,2,8,8,-0.4571008535322865,1,0,-0.6638211189161308,1,2,2.164198131517565,-0.6542432045357714,1
1,-0.461806276945594,1.7206042319093837,1,4,8,-0.27467084743742876,0,0,-0.6638211189161308,1,2,-1.2324566061242423,-0.6091091183717554,0
0,-0.7654686036244553,0.33515583536734017,2,6,4,-0.8025016650718839,0,0,-0.6638211189161308,0,2,0.28946608691282,1.97083489515075,0
1,-0.7432710651245386,-0.8490908997984319,2,7,4,-0.6395308596271443,1,0,-0.6638211189161308,1,1,0.9812491292023938,-0.6542432045357714,0
1,-0.5062013539454275,-0.9496917304865676,1,8,4,-0.15305084337419023,0,0,-0.6638211189161308,1,2,-0.1256037384609243,-0.6542432045357714,0
1,1.5279810741869435,-0.9682810144180709,1,4,4,-0.7611508636903828,1,1,2.1121581056422345,0,2,1.396318954576138,1.97083489515075,1
1,-0.9057570469439291,-1.0131139933116966,2,8,4,-0.6395308596271443,0,0,-0.6638211189161308,1,1,-1.2324566061242423,-0.6542432045357714,0
1,0.34440832137138233,2.5953940639801294,1,8,4,1.063149197258195,1,0,-0.6638211189161308,0,2,-0.6790301722925833,-0.6542432045357714,0
0,-0.7503742774445118,1.5204960578232007,2,13,4,-0.8633116671035032,1,0,-0.6638211189161308,0,2,-0.6790301722925833,1.97083489515075,1
0,1.4915771110470804,-0.7211528868580853,2,3,7,-0.7198000623088817,0,0,-0.6638211189161308,0,2,-1.2324566061242423,-0.33564965514271705,0
1,1.0325320148688018,-0.9496917304865676,1,13,8,-0.031430839310951704,1,1,2.1121581056422345,0,2,-0.5406735638346686,0.34136163731752367,1
1,0.017660554652607758,1.2832093158740108,2,14,4,2.1893504348837833,1,0,-0.6638211189161308,0,2,-1.2324566061242423,-0.6542432045357714,1
1,-0.9501521239437626,-0.9223545482343568,2,8,4,-0.8219608657220021,0,0,-0.6638211189161308,0,2,-1.2324566061242423,-0.5374255697583182,0
0,-1.11352600730315,1.0732597561770316,2,6,4,-0.8414200663721202,1,0,-0.6638211189161308,0,2,-0.5406735638346686,-0.6542432045357714,1
0,-0.3508185844460102,2.1579991479447567,2,14,8,0.6180199823867419,1,1,-0.2936905556416821,0,2,-0.4023169553767538,-0.6250387958414082,1
1,0.8549517068694676,-1.0043660949909892,2,10,4,-0.8633116671035032,0,1,-0.2936905556416821,0,1,2.641528430697371,-0.6542432045357714,1
